Date,Symbol,Series,Prev Close,Open,High,Low,Last,Close,VWAP,Volume,Turnover,Trades,Deliverable Volume,Delivery,Action,Action_mean,Deliverble_mean,CDL2CROWS,CDL3BLACKCROWS,CDL3INSIDE,CDL3LINESTRIKE,CDL3OUTSIDE,CDL3STARSINSOUTH,CDL3WHITESOLDIERS,CDLABANDONEDBABY,CDLADVANCEBLOCK,CDLBELTHOLD,CDLBREAKAWAY,CDLCLOSINGMARUBOZU,CDLCONCEALBABYSWALL,CDLCOUNTERATTACK,CDLDARKCLOUDCOVER,CDLDOJI,CDLDOJISTAR,CDLDRAGONFLYDOJI,CDLENGULFING,CDLEVENINGDOJISTAR,CDLEVENINGSTAR,CDLGAPSIDESIDEWHITE,CDLGRAVESTONEDOJI,CDLHAMMER,CDLHANGINGMAN,CDLHARAMI,CDLHARAMICROSS,CDLHIGHWAVE,CDLHIKKAKE,CDLHIKKAKEMOD,CDLHOMINGPIGEON,CDLIDENTICAL3CROWS,CDLINNECK,CDLINVERTEDHAMMER,CDLKICKING,CDLKICKINGBYLENGTH,CDLLADDERBOTTOM,CDLLONGLEGGEDDOJI,CDLLONGLINE,CDLMARUBOZU,CDLMATCHINGLOW,CDLMATHOLD,CDLMORNINGDOJISTAR,CDLMORNINGSTAR,CDLONNECK,CDLPIERCING,CDLRICKSHAWMAN,CDLRISEFALL3METHODS,CDLSEPARATINGLINES,CDLSHOOTINGSTAR,CDLSHORTLINE,CDLSPINNINGTOP,CDLSTALLEDPATTERN,CDLSTICKSANDWICH,CDLTAKURI,CDLTASUKIGAP,CDLTHRUSTING,CDLTRISTAR,CDLUNIQUE3RIVER,CDLUPSIDEGAP2CROWS,CDLXSIDEGAP3METHODS
2021-01-01,GMRINFRA,EQ,26.5,26.5,26.95,26.3,26.65,26.6,26.63,11210207,29855343430000.0,22484,2611445,23.3,498.59,513.51,28.65,0,0,0,0,0,0,0,0,0,0,0,0,0,0,0,0,0,0,0,0,0,0,0,0,0,0,0,0,0,0,0,0,0,0,0,0,0,0,0,0,0,0,0,0,0,0,0,0,0,0,0,0,0,0,0,0,0,0,0,0,0
2021-01-04,GMRINFRA,EQ,26.6,26.8,27.25,26.15,27.1,27.05,26.76,19908072,53266105740000.0,32229,3935031,19.77,617.71,513.51,28.65,0,0,0,0,0,0,0,0,0,0,0,0,0,0,0,0,0,0,0,0,0,0,0,0,0,0,0,0,0,0,0,0,0,0,0,0,0,0,0,0,0,0,0,0,0,0,0,0,0,0,0,0,0,0,0,0,0,0,0,0,0
2021-01-05,GMRINFRA,EQ,27.05,26.8,27.4,26.55,27.1,27.2,27.05,21427955,57960437929999.99,29747,4686433,21.87,720.34,513.51,28.65,0,0,0,0,0,0,0,0,0,0,0,0,0,0,0,0,0,0,0,0,0,0,0,0,0,0,0,0,0,0,0,0,0,0,0,0,0,0,0,0,0,0,0,0,0,0,0,0,0,0,0,0,0,0,0,0,0,0,0,0,0
2021-01-06,GMRINFRA,EQ,27.2,27.2,27.35,26.4,26.75,26.75,26.89,15535397,41774135940000.0,26136,2904048,18.69,594.41,513.51,28.65,0,0,0,0,0,0,0,0,0,0,0,0,0,0,0,0,0,0,0,0,0,0,0,0,0,0,0,0,0,0,0,0,0,0,0,0,0,0,0,0,0,0,0,0,0,0,0,0,0,0,0,0,0,0,0,0,0,0,0,0,0
2021-01-07,GMRINFRA,EQ,26.75,27.0,27.75,26.75,27.25,27.15,27.17,20607639,55992096040000.0,32166,5179070,25.13,640.67,513.51,28.65,0,0,0,0,0,0,0,0,0,0,0,0,0,0,0,0,0,0,0,0,0,0,0,0,0,0,0,0,0,0,0,0,0,0,0,0,0,0,0,0,0,0,0,0,0,0,0,0,0,0,0,0,0,0,0,0,0,0,0,0,0
2021-01-08,GMRINFRA,EQ,27.15,27.45,28.3,26.85,27.75,27.65,27.56,36429482,100400105260000.0,45663,10771456,29.57,797.79,513.51,28.65,0,0,0,0,0,0,0,0,0,0,0,0,0,0,0,0,0,0,0,0,0,0,0,0,0,0,0,0,0,0,0,0,0,0,0,0,0,0,0,0,0,0,0,0,0,0,0,0,0,0,0,0,0,0,0,0,0,0,0,0,0
2021-01-11,GMRINFRA,EQ,27.65,27.75,27.9,26.6,26.85,26.9,27.1,19545630,52959261465000.0,33483,5889859,30.13,583.75,513.51,28.65,0,0,0,0,0,0,0,0,0,0,0,0,0,0,0,0,0,0,-100,0,0,0,0,0,0,0,0,0,0,0,0,0,0,0,0,0,0,0,0,0,0,0,0,0,0,0,0,0,0,0,0,0,0,0,0,0,0,0,0,0,0
2021-01-12,GMRINFRA,EQ,26.9,26.85,27.35,26.7,27.05,27.1,27.1,11071754,30007700135000.004,25415,2121256,19.16,435.64,513.51,28.65,0,0,0,0,0,0,0,0,0,0,0,0,0,0,0,0,0,0,0,0,0,0,0,0,0,0,0,0,0,0,0,0,0,0,0,0,0,0,0,0,0,0,0,0,0,0,0,0,0,0,0,0,0,0,0,0,0,0,0,0,0
2021-01-13,GMRINFRA,EQ,27.1,27.4,27.5,26.65,27.0,27.05,27.08,16179368,43806776810000.0,23524,2102016,12.99,687.78,513.51,28.65,0,0,0,0,0,0,0,0,0,0,0,0,0,0,0,0,0,0,0,0,0,0,0,0,0,0,0,0,0,0,0,0,0,0,0,0,0,0,0,0,0,0,0,0,0,0,0,0,0,0,0,0,0,0,0,0,0,0,0,0,0
2021-01-14,GMRINFRA,EQ,27.05,27.0,27.25,26.8,26.9,27.05,27.02,8325417,22492572115000.0,16336,1232072,14.8,509.64,513.51,28.65,0,0,0,0,0,0,0,0,0,0,0,0,0,0,0,0,0,0,0,0,0,0,0,0,0,0,0,0,0,0,0,0,0,0,0,0,0,0,0,0,0,0,0,0,0,0,0,0,0,0,0,0,0,0,0,0,0,0,0,0,0
2021-01-15,GMRINFRA,EQ,27.05,26.95,27.1,26.25,26.7,26.65,26.65,13806992,36798338875000.0,20807,3271457,23.69,663.57,513.51,28.65,0,0,0,0,0,0,0,0,0,0,0,0,0,0,0,0,0,0,0,0,0,0,0,0,0,0,0,0,100,0,0,0,0,0,0,0,0,0,0,0,0,0,0,0,0,0,0,0,0,0,0,0,0,0,0,0,0,0,0,0,0
2021-01-18,GMRINFRA,EQ,26.65,26.65,26.7,25.45,26.0,26.05,25.99,17130482,44526448085000.0,30181,5150862,30.07,567.59,513.51,28.65,0,0,0,0,0,0,0,0,0,-100,0,0,0,0,0,0,0,0,0,0,0,0,0,0,0,0,0,0,0,0,0,0,0,0,0,0,0,0,0,0,0,0,0,0,0,0,0,0,0,0,0,0,0,0,0,0,0,0,0,0,0
2021-01-19,GMRINFRA,EQ,26.05,26.15,27.2,26.1,27.15,27.05,26.75,15059555,40278996760000.0,23367,3341288,22.19,644.48,513.51,28.65,0,0,0,0,0,0,0,0,0,100,0,0,0,0,0,0,0,0,0,0,0,0,0,0,0,0,0,0,0,0,0,0,0,0,0,0,0,0,100,0,0,0,0,0,0,0,0,0,0,0,0,0,0,0,0,0,0,0,0,0,0
2021-01-20,GMRINFRA,EQ,27.05,27.15,27.35,26.8,26.9,27.0,27.02,9649850,26074092165000.0,17968,1519779,15.75,537.06,513.51,28.65,0,0,0,0,0,0,0,0,0,0,0,0,0,0,0,0,0,0,0,0,0,0,0,0,0,0,0,0,0,0,0,0,0,0,0,0,0,0,0,0,0,0,0,0,0,0,0,0,0,0,-100,-100,0,0,0,0,0,0,0,0,0
2021-01-21,GMRINFRA,EQ,27.0,27.0,27.2,26.05,26.55,26.3,26.64,8914114,23746207995000.0,23884,1803552,20.23,373.23,513.51,28.65,0,0,0,0,0,0,0,0,0,0,0,0,0,0,0,0,0,0,0,0,0,0,0,0,0,0,0,0,0,0,0,0,0,0,0,0,0,0,-100,0,0,0,0,0,0,0,0,0,0,0,0,0,0,0,0,0,0,0,0,0,0
2021-01-22,GMRINFRA,EQ,26.3,26.35,26.55,25.3,26.2,26.1,25.98,17972392,46689714465000.0,13563,4145771,23.07,1325.1,513.51,28.65,0,0,0,0,0,0,0,0,0,0,0,0,0,0,0,0,0,0,0,0,0,0,0,0,0,0,0,0,0,0,0,0,0,0,0,0,0,0,0,0,0,0,0,0,0,0,0,0,0,0,0,0,0,0,0,0,0,0,0,0,0
2021-01-25,GMRINFRA,EQ,26.1,26.25,26.4,25.3,26.05,25.95,25.81,16546287,42701608285000.0,10775,2621258,15.84,1535.62,513.51,28.65,0,0,0,0,0,0,0,0,0,0,0,0,0,0,0,0,0,0,0,0,0,0,0,0,0,0,0,0,0,0,0,0,0,0,0,0,0,0,0,0,0,0,0,0,0,0,0,0,0,0,0,0,0,0,0,0,0,0,0,0,0
2021-01-27,GMRINFRA,EQ,25.95,25.95,26.1,25.15,25.3,25.5,25.59,16240012,41565427095000.0,24004,4509504,27.77,676.55,513.51,28.65,0,0,0,0,0,0,0,0,0,0,0,0,0,0,0,0,0,0,0,0,0,0,0,0,0,0,0,0,0,0,0,0,0,0,0,0,0,0,0,0,0,0,0,0,0,0,0,0,0,0,0,0,0,0,0,0,0,0,0,0,0
2021-01-28,GMRINFRA,EQ,25.5,25.25,25.35,24.25,24.8,24.75,24.79,24364594,60390134110000.0,16913,7045463,28.92,1440.58,513.51,28.65,0,0,0,0,0,0,0,0,0,0,0,0,0,0,0,0,0,0,0,0,0,0,0,0,0,0,0,0,0,0,0,0,0,0,0,0,0,0,0,0,0,0,0,0,0,0,0,0,0,0,0,0,0,0,0,0,0,0,0,0,0
2021-01-29,GMRINFRA,EQ,24.75,25.15,25.15,23.7,23.85,23.85,24.3,16680629,40538954695000.0,30658,3671535,22.01,544.09,513.51,28.65,0,0,0,0,0,0,0,0,0,-100,0,0,0,0,0,0,0,0,0,0,0,0,0,0,0,0,0,0,0,0,0,0,0,0,0,0,0,0,-100,0,0,0,0,0,0,0,0,0,0,0,0,0,0,0,0,0,0,0,0,0,0
2021-02-01,GMRINFRA,EQ,23.85,24.05,25.0,23.5,24.75,24.85,24.2,18384299,44489863265000.0,25315,2477168,13.47,726.22,513.51,28.65,0,0,0,0,0,0,0,0,0,0,0,0,0,0,0,0,0,0,0,0,0,0,0,0,0,0,0,0,0,0,0,0,0,0,0,0,0,0,0,0,0,0,0,0,0,0,0,0,0,0,0,0,0,0,0,0,0,0,0,0,0
2021-02-02,GMRINFRA,EQ,24.85,25.2,25.35,24.4,24.9,24.9,24.85,20472166,50866102945000.0,22140,4481256,21.89,924.67,513.51,28.65,0,0,0,0,0,0,0,0,0,0,0,0,0,0,0,0,0,0,0,0,0,0,0,0,0,0,0,0,0,0,0,0,0,0,0,0,0,0,0,0,0,0,0,0,0,0,0,0,0,0,0,0,0,0,0,0,0,0,0,0,0
2021-02-03,GMRINFRA,EQ,24.9,24.9,27.35,24.75,26.15,26.3,26.46,66641152,176342458420000.0,52784,18632223,27.96,1262.53,513.51,28.65,0,0,0,0,0,0,0,0,0,0,0,0,0,0,0,0,0,0,0,0,0,0,0,0,0,0,0,0,0,0,0,0,0,0,0,0,0,0,0,0,0,0,0,0,0,0,0,0,0,0,0,0,0,0,0,0,0,0,0,0,0
2021-02-04,GMRINFRA,EQ,26.3,26.35,27.5,26.1,26.75,26.7,26.77,24368780,65241535835000.0,29406,5006249,20.54,828.7,513.51,28.65,0,0,0,0,0,0,0,0,0,0,0,0,0,0,0,0,0,0,0,0,0,0,0,0,0,0,0,0,0,0,0,0,0,0,0,0,0,0,0,0,0,0,0,0,0,0,0,0,0,0,0,0,0,0,0,0,0,0,0,0,0
2021-02-05,GMRINFRA,EQ,26.7,26.95,27.1,26.0,26.25,26.15,26.36,18317417,48277247315000.0,23357,5568218,30.4,784.24,513.51,28.65,0,0,0,0,0,0,0,0,0,0,0,0,0,0,0,0,0,0,-100,0,0,0,0,0,0,0,0,0,0,0,0,0,0,0,0,0,0,0,-100,0,0,0,0,0,0,0,0,0,0,0,0,0,0,0,0,0,0,0,0,0,0
2021-02-08,GMRINFRA,EQ,26.15,26.15,27.05,26.15,26.45,26.5,26.55,10004861,26559361755000.0,24275,1992740,19.92,412.15,513.51,28.65,0,0,0,0,0,0,0,0,0,0,0,0,0,0,0,0,0,0,0,0,0,0,0,0,0,0,0,0,0,0,0,0,0,0,0,0,0,0,0,0,0,0,0,0,0,0,0,0,0,0,0,0,0,0,0,0,0,0,0,0,0
2021-02-09,GMRINFRA,EQ,26.5,26.3,27.05,26.25,26.45,26.45,26.61,14350148,38186156440000.0,23944,4209668,29.34,599.32,513.51,28.65,0,0,0,0,0,0,0,0,0,0,0,0,0,0,0,0,0,0,0,0,0,0,0,0,0,0,0,0,0,0,0,0,0,0,0,0,0,0,0,0,0,0,0,0,0,0,0,0,0,0,0,0,0,0,0,0,0,0,0,0,0
2021-02-10,GMRINFRA,EQ,26.45,26.3,26.85,26.0,26.3,26.3,26.37,9378853,24732856845000.0,23128,1016794,10.84,405.52,513.51,28.65,0,0,0,0,0,0,0,0,0,0,0,0,0,0,0,100,0,0,0,0,0,0,0,0,0,0,0,100,0,0,0,0,0,0,0,0,0,100,0,0,0,0,0,0,0,0,100,0,0,0,0,100,0,0,0,0,0,0,0,0,0
2021-02-11,GMRINFRA,EQ,26.3,26.25,26.6,25.8,26.05,26.0,26.11,9573529,24992455160000.0,20738,1906901,19.92,461.64,513.51,28.65,0,0,0,0,0,0,0,0,0,0,0,0,0,0,0,0,0,0,0,0,0,0,0,0,0,0,0,0,0,0,0,0,0,0,0,0,0,0,0,0,0,0,0,0,0,0,0,0,0,0,0,0,0,0,0,0,0,0,0,0,0
2021-02-12,GMRINFRA,EQ,26.0,26.05,26.5,25.85,26.05,26.1,26.12,7169483,18726610685000.0,20247,961967,13.42,354.1,513.51,28.65,0,0,0,0,0,0,0,0,0,0,0,0,0,0,0,100,0,0,0,0,0,0,0,0,0,0,0,100,0,0,0,0,0,0,0,0,0,100,0,0,0,0,0,0,0,0,100,0,0,0,0,100,0,0,0,0,0,0,0,0,0
2021-02-15,GMRINFRA,EQ,26.1,25.7,26.0,25.3,25.4,25.55,25.53,14116538,36045683400000.0,26108,3907199,27.68,540.7,513.51,28.65,0,0,0,0,0,0,0,0,0,0,0,0,0,0,0,0,0,0,0,0,0,0,0,0,0,0,0,0,100,0,0,0,0,0,0,0,0,0,0,0,0,0,0,0,0,0,0,0,0,0,-100,-100,0,0,0,0,0,0,0,0,0
2021-02-16,GMRINFRA,EQ,25.55,25.3,25.9,25.05,25.35,25.25,25.39,10048122,25510379045000.0,24423,2614149,26.02,411.42,513.51,28.65,0,0,0,0,0,0,0,0,0,0,0,0,0,0,0,100,0,0,0,0,0,0,0,0,0,0,0,-100,0,0,0,0,0,0,0,0,0,100,0,0,0,0,0,0,0,0,0,0,0,0,0,-100,0,0,0,0,0,0,0,0,0
2021-02-17,GMRINFRA,EQ,25.25,25.1,25.45,25.0,25.1,25.05,25.23,6956391,17549451569999.998,18575,1494322,21.48,374.5,513.51,28.65,0,0,0,0,0,0,0,0,0,0,0,0,0,0,0,100,0,0,0,0,0,0,100,0,0,0,0,0,0,0,0,0,0,100,0,0,0,100,0,0,0,0,0,0,0,0,0,0,0,0,-100,0,0,0,0,0,0,0,0,0,0
2021-02-18,GMRINFRA,EQ,25.05,25.15,26.45,24.85,26.15,25.95,25.55,21210565,54197334395000.01,26974,5174951,24.4,786.33,513.51,28.65,0,0,0,0,0,0,0,0,0,0,0,0,0,0,0,0,0,0,0,0,0,0,0,0,0,0,0,0,0,0,0,0,0,0,0,0,0,0,0,0,0,0,0,0,0,0,0,0,0,0,0,0,0,0,0,0,0,0,0,0,0
2021-02-19,GMRINFRA,EQ,25.95,26.1,26.35,24.85,25.1,25.2,25.6,16239597,41568546195000.0,26919,3698869,22.78,603.28,513.51,28.65,0,0,0,0,0,0,0,0,0,0,0,0,0,0,0,0,0,0,0,0,0,0,0,0,0,0,0,0,0,0,0,0,0,0,0,0,0,0,0,0,0,0,0,0,0,0,0,0,0,0,0,0,0,0,0,0,0,0,0,0,0
2021-02-22,GMRINFRA,EQ,25.2,25.2,25.2,24.5,24.85,25.05,24.86,19623683,48788302285000.0,27624,7225230,36.82,710.39,513.51,28.65,0,0,0,0,0,0,0,0,0,0,0,0,0,0,0,0,0,0,0,0,0,0,0,0,0,0,0,0,0,0,0,0,0,0,0,0,0,0,0,0,0,0,0,0,0,0,0,0,0,0,0,0,0,0,0,0,0,0,0,0,0
2021-02-23,GMRINFRA,EQ,25.05,24.85,25.75,24.85,25.4,25.4,25.36,11923761,30244503310000.004,22017,1535919,12.88,541.57,513.51,28.65,0,0,0,0,0,0,0,0,0,100,0,0,0,0,0,0,0,0,100,0,0,0,0,0,0,0,0,0,0,0,0,0,0,0,0,0,0,0,0,0,0,0,0,0,0,0,0,0,0,0,0,0,0,0,0,0,0,0,0,0,0
2021-02-24,GMRINFRA,EQ,25.4,25.3,26.0,25.25,25.6,25.65,25.7,4562060,11724391135000.0,11363,1620166,35.51,401.48,513.51,28.65,0,0,0,0,100,0,0,0,0,100,0,0,0,0,0,0,0,0,0,0,0,0,0,0,0,0,0,0,0,0,0,0,0,0,0,0,0,0,0,0,0,0,0,0,0,0,0,0,0,0,0,0,0,0,0,0,0,0,0,0,0
2021-02-25,GMRINFRA,EQ,25.65,25.65,27.3,25.65,27.0,26.85,26.61,28222476,75107801530000.0,40734,7830003,27.74,692.85,513.51,28.65,0,0,0,0,0,0,0,0,0,100,0,0,0,0,0,0,0,0,0,0,0,0,0,0,0,0,0,0,0,0,0,0,0,0,0,0,0,0,0,0,0,0,0,0,0,0,0,0,0,0,0,0,0,0,0,0,0,0,0,0,0
2021-02-26,GMRINFRA,EQ,26.85,26.5,26.95,25.9,26.0,26.05,26.28,34129683,89696106385000.0,25349,23193886,67.96,1346.39,513.51,28.65,0,0,0,0,0,0,0,0,0,0,0,0,0,0,0,0,0,0,0,0,0,0,0,0,0,0,0,0,0,0,0,0,0,0,0,0,0,0,0,0,0,0,0,0,0,0,0,0,0,0,0,0,0,0,0,0,0,0,0,0,0
2021-03-01,GMRINFRA,EQ,26.05,26.4,26.5,25.85,26.25,26.2,26.14,9277410,24248344395000.0,17886,1455325,15.69,518.7,513.51,28.65,0,0,0,0,0,0,0,0,0,0,0,0,0,0,0,0,0,0,0,0,0,0,0,0,0,100,0,0,100,0,100,0,0,0,0,0,0,0,0,0,0,0,0,0,0,0,0,0,0,0,0,0,0,0,0,0,0,0,0,0,0
2021-03-02,GMRINFRA,EQ,26.2,26.25,28.1,26.1,27.65,27.6,27.08,56697792,153527240135000.0,46348,27493702,48.49,1223.31,513.51,28.65,0,0,100,0,0,0,0,0,0,0,0,0,0,0,0,0,0,0,0,0,0,0,0,0,0,0,0,0,200,0,0,0,0,0,0,0,0,0,0,0,0,0,0,0,0,0,0,0,0,0,0,0,0,0,0,0,0,0,0,0,0
2021-03-03,GMRINFRA,EQ,27.6,27.95,28.6,27.5,27.75,27.75,27.98,22317064,62442567775000.0,36210,5178797,23.21,616.32,513.51,28.65,0,0,0,0,0,0,0,0,0,0,0,0,0,0,0,0,0,0,0,0,0,0,0,0,0,0,0,0,0,0,0,0,0,0,0,0,0,0,0,0,0,0,0,0,0,0,0,0,0,0,0,-100,0,0,0,0,0,0,0,0,0
2021-03-04,GMRINFRA,EQ,27.75,27.3,29.95,27.05,29.0,29.05,28.83,56000402,161446217695000.0,57926,9326705,16.65,966.76,513.51,28.65,0,0,0,0,0,0,0,0,0,0,0,0,0,0,0,0,0,0,100,0,0,0,0,0,0,0,0,0,0,0,0,0,0,0,0,0,0,0,0,0,0,0,0,0,0,0,0,0,0,0,0,0,0,0,0,0,0,0,0,0,0
2021-03-05,GMRINFRA,EQ,29.05,29.05,29.2,27.1,27.55,27.65,28.05,34000986,95370270315000.0,30363,8942288,26.3,1119.82,513.51,28.65,0,0,0,0,0,0,0,0,0,0,0,0,0,0,0,0,0,0,0,0,0,0,0,0,0,0,0,0,0,0,0,0,0,0,0,0,0,0,0,0,0,0,0,0,0,0,0,0,0,0,0,0,0,0,0,0,0,0,0,0,0
2021-03-08,GMRINFRA,EQ,27.65,27.9,28.65,27.55,28.05,28.0,28.09,17653425,49580740665000.0,34719,3482200,19.73,508.47,513.51,28.65,0,0,0,0,0,0,0,0,0,0,0,0,0,0,0,100,0,0,0,0,0,0,0,0,0,100,100,100,0,0,0,0,0,0,0,0,0,100,0,0,0,0,0,0,0,0,100,0,0,0,0,100,0,0,0,0,0,0,0,0,0
2021-03-09,GMRINFRA,EQ,28.0,28.0,28.75,27.45,27.65,27.7,28.06,19651796,55144008995000.01,27845,3316608,16.88,705.76,513.51,28.65,0,0,0,0,0,0,0,0,0,0,0,0,0,0,0,0,0,0,0,0,0,0,0,0,0,0,0,0,0,0,0,0,0,0,0,0,0,0,0,0,0,0,0,0,0,0,0,0,0,0,0,0,0,0,0,0,0,0,0,0,0
2021-03-10,GMRINFRA,EQ,27.7,27.75,28.35,27.35,27.9,27.9,27.82,12791934,35581562730000.0,25245,2425933,18.96,506.71,513.51,28.65,0,0,0,0,0,0,0,0,0,0,0,0,0,0,0,0,0,0,0,0,0,0,0,0,0,0,0,100,0,0,0,0,0,0,0,0,0,0,0,0,0,0,0,0,0,0,0,0,0,0,0,100,0,0,0,0,0,0,0,0,0
2021-03-12,GMRINFRA,EQ,27.9,28.1,28.3,27.1,27.45,27.35,27.63,12869564,35556353860000.0,36723,4077308,31.68,350.45,513.51,28.65,0,0,0,0,0,0,0,0,0,0,0,0,0,0,0,0,0,0,-100,0,0,0,0,0,0,0,0,0,0,0,0,0,0,0,0,0,0,0,-100,0,0,0,0,0,0,0,0,0,0,0,0,0,0,0,0,0,0,0,0,0,0
2021-03-15,GMRINFRA,EQ,27.35,27.6,27.7,26.35,27.1,27.0,26.86,14596346,39199165535000.0,30376,3706291,25.39,480.52,513.51,28.65,0,0,0,0,-100,0,0,0,0,0,0,0,0,0,0,0,0,0,0,0,0,0,0,100,0,0,0,0,0,0,0,0,0,0,0,0,0,0,0,0,0,0,0,0,0,0,0,0,0,0,0,0,0,0,0,0,0,0,0,0,0
2021-03-16,GMRINFRA,EQ,27.0,27.15,27.4,26.45,26.8,26.7,26.7,10754284,28709065075000.0,32809,2479159,23.05,327.78,513.51,28.65,0,0,0,0,0,0,0,0,0,0,0,0,0,0,0,0,0,0,0,0,0,0,0,0,0,0,0,0,0,0,0,0,0,0,0,0,0,0,0,0,0,0,0,0,0,0,0,0,0,0,-100,0,0,0,0,0,0,0,0,0,0
2021-03-17,GMRINFRA,EQ,26.7,26.7,27.6,26.0,26.3,26.2,26.82,27824668,74633746310000.0,55664,6425866,23.09,499.87,513.51,28.65,0,0,0,0,0,0,0,0,0,0,0,0,0,0,0,0,0,0,0,0,0,0,0,0,0,0,0,0,0,0,0,0,0,0,0,0,0,0,0,0,0,0,0,0,0,0,0,0,0,0,0,0,0,0,0,0,0,0,0,0,0
2021-03-18,GMRINFRA,EQ,26.2,26.6,26.8,24.75,25.35,25.35,25.57,24358167,62277172479999.99,47425,8550240,35.1,513.61,513.51,28.65,0,0,0,0,0,0,0,0,0,0,0,0,0,0,0,0,0,0,0,0,0,0,0,0,0,0,0,0,0,0,0,0,0,0,0,0,0,0,0,0,0,0,0,0,0,0,0,0,0,0,0,0,0,0,0,0,0,0,0,0,0
2021-03-19,GMRINFRA,EQ,25.35,25.0,25.65,24.7,25.25,25.3,25.09,21779672,54645739790000.0,41220,7219451,33.15,528.38,513.51,28.65,0,0,0,0,0,0,0,0,0,0,0,0,0,0,0,0,0,0,0,0,0,0,0,0,0,0,0,0,0,0,0,0,0,0,0,0,0,0,0,0,0,0,0,0,0,0,0,0,0,0,100,0,0,0,0,0,0,0,0,0,0
2021-03-22,GMRINFRA,EQ,25.3,25.55,25.9,24.7,25.8,25.6,25.15,19297420,48533456205000.0,44306,5751165,29.8,435.55,513.51,28.65,0,0,0,0,0,0,0,0,0,0,0,0,0,0,0,100,0,0,0,0,0,0,0,0,0,0,0,100,0,0,0,0,0,0,0,0,0,100,0,0,0,0,0,0,0,0,100,0,0,0,0,100,0,0,0,0,0,0,0,0,0
2021-03-23,GMRINFRA,EQ,25.6,25.65,25.8,25.0,25.35,25.55,25.34,19489266,49394540820000.0,50644,5467983,28.06,384.83,513.51,28.65,0,0,0,0,0,0,0,0,0,0,0,0,0,0,0,100,0,0,0,0,0,0,0,0,0,0,0,0,0,0,0,0,0,0,0,0,0,100,0,0,0,0,0,0,0,0,100,0,0,0,0,-100,0,0,0,0,0,0,0,0,0
2021-03-24,GMRINFRA,EQ,25.55,25.4,25.4,24.55,24.8,24.75,24.93,40912784,101984732585000.0,37117,30011051,73.35,1102.27,513.51,28.65,0,0,0,0,0,0,0,0,0,-100,0,0,0,0,0,0,0,0,0,0,0,0,0,0,0,0,0,0,100,0,0,0,0,0,0,0,0,0,-100,0,0,0,0,0,0,0,0,0,0,0,0,0,0,0,0,0,0,0,0,0,0
2021-03-25,GMRINFRA,EQ,24.75,24.75,24.9,23.5,23.85,23.9,24.11,30681803,73983611960000.0,44175,13520617,44.07,694.55,513.51,28.65,0,0,0,0,0,0,0,0,0,0,0,0,0,0,0,0,0,0,0,0,0,0,0,0,0,0,0,0,0,0,0,0,0,0,0,0,0,0,0,0,0,0,0,0,0,0,0,0,0,0,0,0,0,0,0,0,0,0,0,0,0
2021-03-26,GMRINFRA,EQ,23.9,24.2,25.05,24.05,24.2,24.2,24.43,17499366,42750480185000.0,29694,5035376,28.77,589.32,513.51,28.65,0,0,0,0,0,0,0,0,0,0,0,0,0,0,0,100,0,0,0,0,0,0,0,0,0,100,100,100,0,0,0,0,0,0,0,0,0,100,0,0,0,0,0,0,0,0,0,0,0,0,0,100,0,0,0,0,0,0,0,0,0
2021-03-30,GMRINFRA,EQ,24.2,24.6,26.6,24.3,24.45,24.4,24.72,17158582,42410887920000.0,39182,6672120,38.89,437.92,513.51,28.65,0,0,0,0,0,0,0,0,0,0,0,0,0,0,0,0,0,0,0,0,0,0,0,0,0,0,0,0,0,0,0,0,0,0,0,0,0,0,0,0,0,0,0,0,0,0,0,0,0,-100,0,0,0,0,0,0,0,0,0,0,0
2021-03-31,GMRINFRA,EQ,24.4,24.4,24.7,24.2,24.35,24.3,24.44,28199769,68911231320000.01,39852,20843046,73.91,707.61,513.51,28.65,0,0,0,0,0,0,0,0,0,0,0,0,0,0,0,100,0,0,0,0,0,0,100,0,0,0,0,0,0,0,0,0,0,0,0,0,0,100,0,0,0,0,0,0,0,0,100,0,0,0,-100,-100,0,0,0,0,0,0,0,0,0
2021-04-01,GMRINFRA,EQ,24.3,24.65,25.15,24.1,25.1,25.0,24.56,19223855,47205380045000.0,32819,7401316,38.5,585.75,513.51,28.65,0,0,0,0,0,0,0,0,0,0,0,0,0,0,0,0,0,0,0,0,0,0,0,0,0,0,0,0,0,0,0,0,0,0,0,0,0,0,0,0,0,0,0,0,0,0,0,0,0,0,0,0,0,0,0,0,0,0,0,0,0
2021-04-05,GMRINFRA,EQ,25.0,25.1,25.3,23.75,24.15,24.05,24.31,22878190,55606356270000.01,46810,8175157,35.73,488.75,513.51,28.65,0,0,0,0,0,0,0,0,0,0,0,0,0,0,0,0,0,0,-100,0,0,0,0,0,0,0,0,0,0,0,0,0,0,0,0,0,0,0,-100,0,0,0,0,0,0,0,0,0,0,0,0,0,0,0,0,0,0,0,0,0,0
2021-04-06,GMRINFRA,EQ,24.05,24.45,24.45,23.85,24.25,24.25,24.06,10473564,25202168070000.0,28479,2415645,23.06,367.76,513.51,28.65,0,0,0,0,0,0,0,0,0,0,0,0,0,0,0,0,0,0,0,0,0,0,0,0,0,100,0,0,0,0,100,0,0,0,0,0,0,0,0,0,0,0,0,0,0,0,0,0,0,0,0,0,0,0,0,0,0,0,0,0,0
2021-04-07,GMRINFRA,EQ,24.25,24.25,24.5,23.9,24.35,24.35,24.27,13674841,33182164850000.0,30103,4416021,32.29,454.27,513.51,28.65,0,0,0,0,0,0,0,0,0,0,0,0,0,0,0,100,0,0,0,0,0,0,0,0,0,0,0,0,-100,0,0,0,0,0,0,0,0,100,0,0,0,0,0,0,0,0,100,0,0,0,100,100,0,0,0,0,0,0,0,0,0
2021-04-08,GMRINFRA,EQ,24.35,24.35,24.75,24.15,24.5,24.4,24.44,13539876,33095225064999.996,37401,3929924,29.02,362.02,513.51,28.65,0,0,0,0,0,0,0,0,0,0,0,0,0,0,0,100,0,0,0,0,0,0,0,0,0,0,0,100,0,0,0,0,0,0,0,0,0,100,0,0,0,0,0,0,0,0,100,0,0,0,100,100,0,0,0,0,0,0,0,0,0
2021-04-09,GMRINFRA,EQ,24.4,24.35,25.0,24.2,24.8,24.85,24.68,13730673,33883001780000.0,28247,3934047,28.65,486.09,513.51,28.65,0,0,0,0,0,0,0,0,0,0,0,0,0,0,0,0,0,0,0,0,0,0,0,0,0,0,0,0,0,0,0,0,0,0,0,0,0,0,100,0,0,0,0,0,0,0,0,0,0,0,0,0,0,0,0,0,0,0,0,0,0
2021-04-12,GMRINFRA,EQ,24.85,24.35,24.4,22.8,23.45,23.4,23.51,26240837,61690173600000.0,43897,12302910,46.88,597.78,513.51,28.65,0,0,0,0,0,0,0,0,0,-100,0,0,0,0,0,0,0,0,0,0,0,0,0,0,0,0,0,0,-200,0,0,0,0,0,0,0,0,0,0,0,0,0,0,0,0,0,0,0,-100,0,0,0,0,0,0,0,0,0,0,0,0
2021-04-13,GMRINFRA,EQ,23.4,23.4,24.4,23.25,24.1,24.25,23.9,14644021,34994407889999.996,35733,5426988,37.06,409.82,513.51,28.65,0,0,0,0,0,0,0,0,0,0,0,0,0,0,0,0,0,0,0,0,0,0,0,0,0,0,0,0,0,0,0,0,0,0,0,0,0,0,100,0,0,0,0,0,0,0,0,0,0,0,0,0,0,0,0,0,0,0,0,0,0
2021-04-15,GMRINFRA,EQ,24.25,23.8,24.2,23.7,24.05,24.0,23.93,10873276,26018444630000.0,34297,3183533,29.28,317.03,513.51,28.65,0,0,0,0,0,0,0,0,0,0,0,0,0,0,0,0,0,0,0,0,0,0,0,0,0,-100,0,0,0,0,0,0,0,0,0,0,0,0,0,0,0,0,0,0,0,0,0,0,0,0,100,0,0,0,0,0,0,0,0,0,0
2021-04-16,GMRINFRA,EQ,24.0,24.0,24.15,23.7,24.0,23.95,23.93,10349026,24767074155000.0,31510,2800244,27.06,328.44,513.51,28.65,0,0,0,0,0,0,0,0,0,0,0,0,0,0,0,100,0,0,0,0,0,0,0,0,0,0,0,-100,0,0,0,0,0,0,0,0,0,100,0,0,0,0,0,0,0,0,100,0,0,0,0,-100,0,0,0,0,0,0,0,0,0
2021-04-19,GMRINFRA,EQ,23.95,23.25,23.65,22.9,23.0,23.15,23.09,11169944,25785882305000.0,40499,4149801,37.15,275.81,513.51,28.65,0,0,0,0,0,0,0,0,0,0,0,0,0,0,0,0,0,0,0,0,0,0,0,0,0,0,0,-100,0,0,0,0,0,0,0,0,0,0,0,0,0,0,0,0,0,0,0,0,0,0,0,-100,0,0,0,0,0,0,0,0,0
2021-04-20,GMRINFRA,EQ,23.15,23.0,23.6,22.75,23.1,23.05,23.13,12967967,29994527880000.0,39958,4420606,34.09,324.54,513.51,28.65,0,0,0,0,0,0,0,0,0,0,0,0,0,0,0,100,0,0,0,0,0,0,0,0,0,0,0,100,0,0,0,0,0,0,0,0,0,100,0,0,0,0,0,0,0,0,100,0,0,0,0,100,0,0,0,0,0,0,0,0,0
2021-04-22,GMRINFRA,EQ,23.05,22.65,23.2,22.65,22.95,23.0,22.94,10641924,24410427595000.0,35690,2697262,25.35,298.18,513.51,28.65,0,0,0,0,0,0,0,0,0,100,0,0,0,0,0,0,0,0,0,0,0,0,0,0,0,0,0,0,0,0,0,0,0,0,0,0,0,0,100,0,0,0,0,0,0,0,0,0,0,0,0,0,0,0,0,0,0,0,0,0,0
2021-04-23,GMRINFRA,EQ,23.0,22.95,23.1,22.8,22.9,22.9,22.94,10285258,23594661775000.0,44363,2786854,27.1,231.84,513.51,28.65,0,0,0,0,0,0,0,0,0,0,0,0,0,0,0,100,0,0,0,0,0,0,0,0,0,-100,-100,0,0,0,0,0,0,0,0,0,0,100,0,0,0,0,0,0,0,0,100,0,0,0,-100,-100,0,0,0,0,0,0,0,0,0
2021-04-26,GMRINFRA,EQ,22.9,22.9,23.1,22.75,22.85,22.9,22.92,10366571,23760513965000.0,27760,2695413,26.0,373.44,513.51,28.65,0,0,0,0,0,0,0,0,0,0,0,0,0,0,0,100,0,0,0,0,0,0,0,0,0,0,0,100,0,0,0,0,0,0,0,0,0,100,0,0,0,0,0,0,0,0,100,0,0,0,100,100,0,0,0,0,0,0,0,0,0
2021-04-27,GMRINFRA,EQ,22.9,22.7,24.15,22.7,24.15,23.55,23.11,14068838,32511075860000.004,44126,4226810,30.04,318.83,513.51,28.65,0,0,0,0,0,0,0,0,0,100,0,0,0,0,0,0,0,0,0,0,0,0,0,0,0,0,0,0,0,0,0,0,0,0,0,0,0,0,0,0,0,0,0,0,0,0,0,0,0,0,0,0,0,0,0,0,0,0,0,0,0
2021-04-28,GMRINFRA,EQ,23.55,23.75,23.75,22.95,23.1,23.15,23.24,14979815,34807382425000.0,30366,2957495,19.74,493.31,513.51,28.65,0,0,0,0,0,0,0,0,0,-100,0,0,0,0,0,0,0,0,0,0,0,0,0,0,0,0,0,0,0,0,0,0,0,0,0,0,0,0,-100,0,0,0,0,0,0,0,0,0,0,0,0,0,0,0,0,0,0,0,0,0,0
2021-04-29,GMRINFRA,EQ,23.15,23.15,23.3,22.6,22.75,22.85,22.9,14840702,33991126380000.0,41516,4704844,31.7,357.47,513.51,28.65,0,0,0,0,0,0,0,0,0,0,0,0,0,0,0,0,0,0,0,0,0,0,0,0,0,0,0,0,100,0,0,0,0,0,0,0,0,0,0,0,0,0,0,0,0,0,0,0,0,0,0,0,0,0,0,0,0,0,0,0,0
2021-04-30,GMRINFRA,EQ,22.85,22.85,23.05,22.5,22.85,22.95,22.76,16632975,37851979475000.0,43286,6858123,41.23,384.26,513.51,28.65,0,0,0,0,0,0,0,0,0,0,0,0,0,0,0,0,0,0,0,0,0,0,0,0,0,0,0,0,0,0,0,0,0,0,0,0,0,0,0,0,0,0,0,0,0,0,0,0,0,0,0,100,0,0,0,0,0,0,0,0,0
2021-05-03,GMRINFRA,EQ,22.95,22.65,23.6,22.55,23.3,23.4,23.04,16665795,38402656980000.0,31783,6343997,38.07,524.36,513.51,28.65,0,0,0,0,0,0,0,0,0,0,0,0,0,0,0,0,0,0,0,0,0,0,0,0,0,0,0,0,0,0,0,0,0,0,0,0,0,0,100,0,0,0,0,0,0,0,0,0,0,0,0,0,0,0,0,0,0,0,0,0,0
2021-05-04,GMRINFRA,EQ,23.4,23.4,23.5,22.9,23.0,23.0,23.14,9156523,21184830865000.0,38647,2542172,27.76,236.93,513.51,28.65,0,0,0,0,0,0,0,0,0,0,0,0,0,0,0,0,0,0,0,0,0,0,0,0,0,0,0,0,0,0,0,0,0,0,0,0,0,0,-100,0,0,0,0,0,0,0,0,0,0,0,0,0,0,0,0,0,0,0,0,0,0
2021-05-05,GMRINFRA,EQ,23.0,23.0,23.85,23.0,23.75,23.75,23.48,9708027,22790368735000.0,21037,2517787,25.94,461.47,513.51,28.65,0,0,0,0,0,0,0,0,0,100,0,0,0,0,0,0,0,0,0,0,0,0,0,0,0,0,0,0,-100,0,0,0,0,0,0,0,0,0,100,0,0,0,0,0,0,0,0,0,0,0,0,0,0,0,0,0,0,0,0,0,0
2021-05-06,GMRINFRA,EQ,23.75,23.7,24.5,23.5,24.1,24.3,24.02,14732558,35394181860000.0,28358,4780920,32.45,519.52,513.51,28.65,0,0,0,0,0,0,0,0,0,0,0,0,0,0,0,0,0,0,0,0,0,0,0,0,0,0,0,0,0,0,0,0,0,0,0,0,0,0,0,0,0,0,0,0,0,0,0,0,0,0,0,0,0,0,0,0,0,0,0,0,0
2021-05-07,GMRINFRA,EQ,24.3,24.05,24.3,23.7,24.1,24.05,24.02,10758375,25839971690000.0,18155,3466686,32.22,592.58,513.51,28.65,0,0,0,0,0,0,0,0,0,0,0,0,0,0,0,100,0,0,0,0,0,0,0,0,0,-100,-100,100,0,0,0,0,0,0,0,0,0,100,0,0,0,0,0,0,0,0,100,0,0,0,0,100,0,0,0,0,0,0,0,0,0
2021-05-10,GMRINFRA,EQ,24.05,24.25,25.1,23.9,24.8,24.9,24.65,12677059,31251275170000.0,24612,3297285,26.01,515.08,513.51,28.65,0,0,0,0,0,0,0,0,0,0,0,0,0,0,0,0,0,0,0,0,0,0,0,0,0,0,0,0,-100,0,0,0,0,0,0,0,0,0,0,0,0,0,0,0,0,0,0,0,0,0,0,0,0,0,0,0,0,0,0,0,0
2021-05-11,GMRINFRA,EQ,24.9,24.6,26.05,24.45,25.5,25.55,25.49,18484573,47112453435000.0,16966,4455289,24.1,1089.51,513.51,28.65,0,0,0,0,0,0,0,0,0,0,0,0,0,0,0,0,0,0,0,0,0,0,0,0,0,0,0,0,0,0,0,0,0,0,0,0,0,0,0,0,0,0,0,0,0,0,0,0,0,0,0,0,0,0,0,0,0,0,0,0,0
2021-05-12,GMRINFRA,EQ,25.55,25.6,25.75,24.85,25.0,25.05,25.26,8265396,20882104935000.0,24301,1574829,19.05,340.13,513.51,28.65,0,0,0,0,0,0,0,0,0,0,0,0,0,0,0,0,0,0,0,0,0,0,0,0,0,0,0,0,0,0,0,0,0,0,0,0,0,0,0,0,0,0,0,0,0,0,0,0,0,0,0,0,0,0,0,0,0,0,0,0,0
2021-05-14,GMRINFRA,EQ,25.05,25.2,25.6,24.75,25.15,25.15,25.24,12078826,30488676700000.0,36120,2340500,19.38,334.41,513.51,28.65,0,0,0,0,0,0,0,0,0,0,0,0,0,0,0,100,0,0,0,0,0,0,0,0,0,100,100,-100,100,0,100,0,0,0,0,0,0,100,0,0,0,0,0,0,0,0,100,0,0,0,0,-100,0,0,0,0,0,0,0,0,0
2021-05-17,GMRINFRA,EQ,25.15,25.25,26.4,25.05,26.4,26.2,25.92,26940820,69817980179999.99,32089,14444183,53.61,839.57,513.51,28.65,0,0,100,0,0,0,0,0,0,0,0,0,0,0,0,0,0,0,0,0,0,0,0,0,0,0,0,0,200,0,0,0,0,0,0,0,0,0,100,0,0,0,0,0,0,0,0,0,0,0,0,0,0,0,0,0,0,0,0,0,0
2021-05-18,GMRINFRA,EQ,26.2,26.5,26.7,26.0,26.15,26.25,26.3,12777699,33610164945000.0,22297,2949039,23.08,573.07,513.51,28.65,0,0,0,0,0,0,0,0,0,0,0,0,0,0,0,0,0,0,0,0,0,0,0,0,0,0,0,0,0,0,0,0,0,0,0,0,0,0,0,0,0,0,0,0,0,0,0,0,0,0,0,0,0,0,0,0,0,0,0,0,0
2021-05-19,GMRINFRA,EQ,26.25,26.2,27.1,26.05,26.6,26.8,26.58,18776181,49912346395000.0,24449,3881720,20.67,767.97,513.51,28.65,0,0,0,0,0,0,0,0,0,0,0,0,0,0,0,0,0,0,100,0,0,0,0,0,0,0,0,0,0,0,0,0,0,0,0,0,0,0,0,0,0,0,0,0,0,0,0,0,0,0,0,0,0,0,0,0,0,0,0,0,0
2021-05-20,GMRINFRA,EQ,26.8,26.5,26.85,25.9,26.0,26.1,26.43,12506758,33052804520000.0,25110,2382130,19.05,498.08,513.51,28.65,0,0,0,0,0,0,0,0,0,0,0,0,0,0,0,0,0,0,0,0,0,0,0,0,0,0,0,0,0,0,0,0,0,0,0,0,0,0,0,0,0,0,0,0,0,0,0,0,0,0,0,0,0,0,0,0,0,0,0,0,0
2021-05-21,GMRINFRA,EQ,26.1,26.1,26.65,25.85,26.4,26.4,26.33,17982002,47347182300000.0,33681,3879939,21.58,533.89,513.51,28.65,0,0,0,0,0,0,0,0,0,0,0,0,0,0,0,0,0,0,0,0,0,0,0,0,0,0,0,0,0,0,0,0,0,0,0,0,0,0,0,0,0,0,0,0,0,0,0,0,0,0,100,0,0,0,0,0,0,0,0,0,0
2021-05-24,GMRINFRA,EQ,26.4,26.5,27.1,26.35,26.7,26.85,26.68,14800626,39492092945000.0,29464,4257150,28.76,502.33,513.51,28.65,0,0,0,0,0,0,0,0,0,0,0,0,0,0,0,0,0,0,0,0,0,0,0,0,0,0,0,0,0,0,0,0,0,0,0,0,0,0,0,0,0,0,0,0,0,0,0,0,0,0,100,0,0,0,0,0,0,0,0,0,0
2021-05-25,GMRINFRA,EQ,26.85,26.85,27.4,26.6,26.8,26.95,26.95,36193556,97557523005000.0,28826,22518586,62.22,1255.59,513.51,28.65,0,0,0,0,0,0,0,0,0,0,0,0,0,0,0,100,0,0,0,0,0,0,0,0,0,0,0,100,0,0,0,0,0,0,0,0,0,100,0,0,0,0,0,0,0,0,100,0,0,0,0,100,0,0,0,0,0,0,0,0,0
2021-05-26,GMRINFRA,EQ,26.95,26.95,27.75,26.55,27.1,27.2,27.35,57863432,158262652530000.0,53784,28079054,48.53,1075.85,513.51,28.65,0,0,0,0,0,0,0,0,0,0,0,0,0,0,0,0,0,0,0,0,0,0,0,0,0,0,0,0,0,0,0,0,0,0,0,0,0,0,0,0,0,0,0,0,0,0,0,0,0,0,0,100,0,0,0,0,0,0,0,0,0
2021-05-27,GMRINFRA,EQ,27.2,27.25,27.5,26.55,26.65,26.8,27.09,37659153,102019761450000.0,31909,22044042,58.54,1180.2,513.51,28.65,0,0,0,0,0,0,0,0,0,0,0,0,0,0,0,0,0,0,-100,0,0,0,0,0,0,0,0,0,0,0,0,0,0,0,0,0,0,0,-100,0,0,0,0,0,0,0,0,0,0,0,0,0,0,0,0,0,0,0,0,0,0
2021-05-28,GMRINFRA,EQ,26.8,26.8,26.9,26.05,26.25,26.15,26.36,13178710,34739146655000.0,24020,4267935,32.39,548.66,513.51,28.65,0,0,0,0,-100,0,0,0,0,0,0,0,0,0,0,0,0,0,0,0,0,0,0,0,0,0,0,0,0,0,0,0,0,0,0,0,0,0,-100,0,0,0,0,0,0,0,0,0,0,0,0,0,0,0,0,0,0,0,0,0,0
2021-05-31,GMRINFRA,EQ,26.15,26.15,26.4,25.95,26.1,26.05,26.17,9272882,24270766270000.0,45410,2812580,30.33,204.2,513.51,28.65,0,0,0,0,0,0,0,0,0,0,0,0,0,0,0,0,0,0,0,0,0,0,0,0,0,0,0,0,0,0,0,0,0,0,0,0,0,0,0,0,0,0,0,0,0,0,0,0,0,0,-100,-100,0,0,0,0,0,0,0,0,0
2021-06-01,GMRINFRA,EQ,26.05,26.2,26.2,25.45,25.75,25.7,25.75,10882858,28027451439999.996,32887,2463565,22.64,330.92,513.51,28.65,0,0,0,0,0,0,0,0,0,-100,0,0,0,0,0,0,0,0,0,0,0,0,0,0,0,0,0,0,0,0,0,0,0,0,0,0,0,0,-100,0,0,0,0,0,0,0,0,0,0,0,0,0,0,0,0,0,0,0,0,0,0
2021-06-02,GMRINFRA,EQ,25.7,25.7,26.7,25.5,26.15,26.2,26.26,16363455,42970995815000.0,29623,4024360,24.59,552.39,513.51,28.65,0,0,0,0,0,0,0,0,0,0,0,0,0,0,0,0,0,0,0,0,0,0,0,0,0,0,0,0,0,0,0,0,0,0,0,0,0,0,0,0,0,0,0,0,0,0,0,0,0,0,0,0,0,0,0,0,0,0,0,0,0
2021-06-03,GMRINFRA,EQ,26.2,26.25,26.65,26.05,26.2,26.15,26.33,9860224,25957931435000.0,19678,3522971,35.73,501.08,513.51,28.65,0,0,0,0,0,0,0,0,0,0,0,0,0,0,0,0,0,0,0,0,0,0,0,0,0,0,0,0,0,0,0,0,0,0,0,0,0,0,0,0,0,0,0,0,0,0,0,0,0,0,0,0,0,0,0,0,0,0,0,0,0
2021-06-04,GMRINFRA,EQ,26.15,26.15,26.35,26.0,26.15,26.2,26.15,6786107,17745446820000.0,16162,1907061,28.1,419.88,513.51,28.65,0,0,0,0,0,0,0,0,0,0,0,0,0,0,0,100,0,0,0,0,0,0,0,0,0,0,0,100,100,0,0,0,0,0,0,0,0,100,0,0,0,0,0,0,0,0,100,0,0,0,100,100,0,0,0,0,0,0,0,0,0
2021-06-07,GMRINFRA,EQ,26.2,26.2,27.4,26.2,26.6,26.7,26.84,17689975,47480942055000.0,28026,5686672,32.15,631.2,513.51,28.65,0,0,0,0,0,0,0,0,0,100,0,0,0,0,0,0,0,0,0,0,0,0,0,0,0,0,0,0,200,0,0,0,0,0,0,0,0,0,0,0,0,0,0,0,0,0,0,0,0,0,0,0,0,0,0,0,0,0,0,0,0
2021-06-08,GMRINFRA,EQ,26.7,26.7,27.2,26.15,26.7,26.7,26.68,13872836,37010595465000.0,22482,3974707,28.65,617.06,513.51,28.65,0,0,0,0,0,0,0,0,0,0,0,0,0,0,0,100,0,0,0,0,0,0,0,0,0,0,0,100,0,0,0,0,0,0,0,0,0,100,0,0,0,0,0,0,0,0,100,0,0,0,0,100,0,0,0,0,0,0,0,0,0
2021-06-09,GMRINFRA,EQ,26.7,26.7,27.5,26.2,26.4,26.4,26.83,14481646,38859942650000.0,25486,3070599,21.2,568.22,513.51,28.65,0,0,0,0,0,0,0,0,0,0,0,0,0,0,0,0,0,0,0,0,0,0,0,0,0,0,0,0,0,0,0,0,0,0,0,0,0,0,0,0,0,0,0,0,0,0,0,0,0,0,0,0,0,0,0,0,0,0,0,0,0
2021-06-10,GMRINFRA,EQ,26.4,26.4,27.1,26.4,26.8,26.85,26.78,6935891,18575314010000.0,19375,1820824,26.25,357.98,513.51,28.65,0,0,0,0,0,0,0,0,0,100,0,0,0,0,0,0,0,0,0,0,0,0,0,0,0,0,0,0,0,0,0,0,0,0,0,0,0,0,100,0,0,0,0,0,0,0,0,0,0,0,0,0,0,0,0,0,0,0,0,0,0
2021-06-11,GMRINFRA,EQ,26.85,26.9,27.25,26.7,26.95,27.05,27.01,10318654,27868166164999.996,20157,2451100,23.75,511.91,513.51,28.65,0,0,0,0,0,0,0,0,0,0,0,0,0,0,0,0,0,0,0,0,0,0,0,0,0,0,0,0,-100,0,0,0,0,0,0,0,0,0,0,0,0,0,0,0,0,0,0,0,0,0,100,100,0,0,0,0,0,0,0,0,0
2021-06-14,GMRINFRA,EQ,27.05,26.95,26.95,26.05,26.6,26.75,26.5,10522261,27881867470000.0,25447,1873750,17.81,413.5,513.51,28.65,0,0,0,0,0,0,0,0,0,0,0,0,0,0,0,0,0,0,0,0,0,0,0,100,0,0,0,0,0,0,0,0,0,0,0,0,0,0,0,0,0,0,0,0,0,0,0,0,0,0,0,0,0,0,0,0,0,0,0,0,100
2021-06-15,GMRINFRA,EQ,26.75,26.85,31.4,26.6,30.55,30.6,29.97,157501390,472026296895000.0,123577,20644242,13.11,1274.52,513.51,28.65,0,0,0,0,0,0,0,0,0,0,0,0,0,0,0,0,0,0,0,0,0,0,0,0,0,0,0,0,0,0,0,0,0,0,0,0,0,0,0,0,0,0,0,0,0,0,0,0,0,0,0,0,0,0,0,0,0,0,0,0,0
2021-06-16,GMRINFRA,EQ,30.6,30.85,30.95,29.3,29.5,29.65,30.05,82414537,247643889890000.0,92775,16242901,19.71,888.33,513.51,28.65,0,0,0,0,0,0,0,0,0,-100,0,0,0,0,0,0,0,0,0,0,0,0,0,0,0,0,0,0,0,0,0,0,0,0,0,0,0,0,0,0,0,0,0,0,0,0,0,0,0,0,0,0,0,0,0,0,0,0,0,0,0
2021-06-17,GMRINFRA,EQ,29.65,29.4,30.05,28.5,28.75,28.75,29.29,41110436,120403878755000.0,33314,8046434,19.57,1234.03,513.51,28.65,0,0,0,0,0,0,0,0,0,0,0,0,0,0,0,0,0,0,0,0,0,0,0,0,0,0,0,0,100,0,0,0,0,0,0,0,0,0,0,0,0,0,0,0,0,0,0,0,0,0,0,0,0,0,0,0,0,0,0,0,0
2021-06-18,GMRINFRA,EQ,28.75,29.0,29.15,27.4,28.3,28.2,28.26,33975886,96002647450000.0,41718,5735363,16.88,814.42,513.51,28.65,0,0,0,0,0,0,0,0,0,0,0,0,0,0,0,0,0,0,0,0,0,0,0,0,0,0,0,0,0,0,0,0,0,0,0,0,0,0,0,0,0,0,0,0,0,0,0,0,0,0,0,0,0,0,0,0,0,0,0,0,0
2021-06-21,GMRINFRA,EQ,28.2,28.2,32.15,27.7,30.7,30.9,30.35,125390404,380584777505000.0,124489,20029127,15.97,1007.24,513.51,28.65,0,0,0,0,0,0,0,0,0,0,0,0,0,0,0,0,0,0,0,0,0,0,0,0,0,0,0,0,0,0,0,0,0,0,0,0,0,0,0,0,0,0,0,0,0,0,0,0,0,0,0,0,0,0,0,0,0,0,0,0,0
2021-06-22,GMRINFRA,EQ,30.9,31.2,33.15,30.0,32.4,32.5,31.9,151696775,483841892060000.06,148063,31830791,20.98,1024.54,513.51,28.65,0,0,0,0,0,0,0,0,0,0,0,0,0,0,0,0,0,0,0,0,0,0,0,0,0,0,0,0,200,0,0,0,0,0,0,0,0,0,0,0,0,0,0,0,0,0,0,0,0,0,0,0,0,0,0,0,0,0,0,0,0
2021-06-23,GMRINFRA,EQ,32.5,33.0,33.9,32.15,32.6,32.4,33.02,106316248,351013203620000.0,100438,20053255,18.86,1058.53,513.51,28.65,0,0,0,0,0,0,0,0,0,0,0,0,0,0,0,0,0,0,0,0,0,0,0,0,0,0,0,0,0,0,0,0,0,0,0,0,0,0,0,0,0,0,0,0,0,0,0,0,0,0,0,0,0,0,0,0,0,0,0,0,0
2021-06-24,GMRINFRA,EQ,32.4,32.55,33.25,31.35,31.9,31.75,32.18,51087108,164378339590000.0,54844,8404639,16.45,931.5,513.51,28.65,0,0,0,0,0,0,0,0,0,0,0,0,0,0,0,0,0,0,0,0,0,0,0,0,0,0,0,0,0,0,0,0,0,0,0,0,0,0,0,0,0,0,0,0,0,0,0,0,0,0,0,0,0,0,0,0,0,0,0,0,0
2021-06-25,GMRINFRA,EQ,31.75,31.55,32.45,31.2,31.7,31.7,31.85,37040808,117959890700000.0,52204,7309132,19.73,709.54,513.51,28.65,0,0,0,0,0,0,0,0,0,0,0,0,0,0,0,100,0,0,0,0,0,0,0,0,0,0,0,100,0,0,0,0,0,0,0,0,0,100,0,0,0,0,0,0,0,0,100,0,0,0,0,100,0,0,0,0,0,0,0,0,0
2021-06-28,GMRINFRA,EQ,31.7,31.75,32.1,31.1,31.35,31.25,31.62,27690617,87555331130000.0,26619,5145971,18.58,1040.26,513.51,28.65,0,0,0,0,0,0,0,0,0,0,0,0,0,0,0,0,0,0,-100,0,0,0,0,0,0,0,0,0,0,0,0,0,0,0,0,0,0,0,0,0,0,0,0,0,0,0,0,0,0,0,-100,0,0,0,0,0,0,0,0,0,0
2021-06-29,GMRINFRA,EQ,31.25,31.25,31.65,30.5,30.75,30.7,31.04,52048148,161535719960000.0,39176,21730344,41.75,1328.57,513.51,28.65,0,0,0,0,-100,0,0,0,0,0,0,0,0,0,0,0,0,0,0,0,0,0,0,0,0,0,0,0,0,0,0,0,0,0,0,0,0,0,0,0,0,0,0,0,0,0,0,0,0,0,-100,0,0,0,0,0,0,0,0,0,0
2021-06-30,GMRINFRA,EQ,30.7,31.0,32.4,30.45,32.05,31.8,31.5,69831953,219989481535000.0,57538,12449009,17.83,1213.67,513.51,28.65,0,0,0,0,0,0,0,0,0,0,0,0,0,0,0,0,0,0,0,0,0,0,0,0,0,0,0,0,0,0,0,0,0,0,0,0,0,0,0,0,0,0,0,0,0,0,0,0,0,0,0,0,0,0,0,0,0,0,0,0,0
2021-07-01,GMRINFRA,EQ,31.8,32.15,32.8,31.65,32.1,31.9,32.27,42475245,137066531480000.0,52833,4889783,11.51,803.95,513.51,28.65,0,0,0,0,0,0,0,0,0,0,0,0,0,0,0,0,0,0,0,0,0,0,0,0,0,0,0,0,0,0,0,0,0,0,0,0,0,0,0,0,0,0,0,0,0,0,0,0,0,0,0,0,0,0,0,0,0,0,0,0,0
2021-07-02,GMRINFRA,EQ,31.9,32.1,32.7,31.7,32.55,32.6,32.22,45496444,146594909080000.0,40340,7611990,16.73,1127.82,513.51,28.65,0,0,0,0,0,0,0,0,0,0,0,0,0,0,0,0,0,0,0,0,0,0,0,0,0,0,0,0,0,0,0,0,0,0,0,0,0,0,0,0,0,0,0,0,0,0,0,0,0,0,100,0,0,0,0,0,0,0,0,0,0
2021-07-05,GMRINFRA,EQ,32.6,32.75,33.15,32.4,32.5,32.6,32.73,25585760,83741551865000.0,42869,6853684,26.79,596.84,513.51,28.65,0,0,0,0,0,0,0,0,0,0,0,0,0,0,0,100,0,0,0,0,0,0,0,0,0,0,0,0,-100,0,0,0,0,0,0,0,0,100,0,0,0,0,0,0,0,0,100,0,0,0,-100,-100,0,0,0,0,0,0,0,0,0
2021-07-06,GMRINFRA,EQ,32.6,32.55,32.95,31.55,31.7,31.7,32.26,19924482,64273752895000.01,22337,4327306,21.72,891.99,513.51,28.65,0,0,0,0,0,0,0,0,0,0,0,-100,0,0,0,0,0,0,0,0,0,0,0,0,0,0,0,0,0,0,0,0,0,0,0,0,0,0,-100,0,0,0,0,0,0,0,0,0,0,0,0,0,0,0,0,0,0,0,0,0,0
2021-07-07,GMRINFRA,EQ,31.7,31.7,31.95,31.4,31.8,31.8,31.7,10166106,32223015264999.996,27391,2156230,21.21,371.15,513.51,28.65,0,0,0,0,0,0,0,0,0,0,0,0,0,0,0,100,0,0,0,0,0,0,0,0,0,0,0,0,0,0,0,0,0,0,0,0,0,100,0,0,0,0,0,0,0,0,100,0,0,0,100,100,0,0,0,0,0,0,0,0,0
2021-07-08,GMRINFRA,EQ,31.8,31.8,33.15,31.65,32.05,32.15,32.38,33831303,109558702465000.02,44285,6546862,19.35,763.94,513.51,28.65,0,0,0,0,0,0,0,0,0,0,0,0,0,0,0,0,0,0,0,0,0,0,0,0,0,0,0,0,0,0,0,0,0,0,0,0,0,0,0,0,0,0,0,0,0,0,0,0,0,0,0,0,0,0,0,0,0,0,0,0,0
2021-07-09,GMRINFRA,EQ,32.15,32.05,32.35,31.7,31.9,32.0,32.0,22238792,71165723155000.0,24890,3858333,17.35,893.48,513.51,28.65,0,0,0,0,0,0,0,0,0,0,0,0,0,0,0,100,0,0,0,0,0,0,0,0,0,0,0,-100,0,0,0,0,0,0,0,0,0,100,0,0,0,0,0,0,0,0,100,0,0,0,-100,-100,0,0,0,0,0,0,0,0,0
2021-07-12,GMRINFRA,EQ,32.0,31.9,32.5,31.4,31.65,31.5,31.96,16838547,53812894010000.0,19235,4488578,26.66,875.41,513.51,28.65,0,0,0,0,0,0,0,0,0,0,0,0,0,0,0,0,0,0,0,0,0,0,0,0,0,0,0,0,0,0,0,0,0,100,0,0,0,0,0,0,0,0,0,0,0,0,0,0,0,0,0,0,0,0,0,0,0,0,0,0,0
2021-07-13,GMRINFRA,EQ,31.5,31.9,31.95,31.45,31.5,31.55,31.66,9549555,30236099820000.0,28214,1793207,18.78,338.47,513.51,28.65,0,0,0,0,0,0,0,0,0,0,0,0,0,0,0,0,0,0,0,0,0,0,0,0,0,0,0,0,0,0,0,0,0,0,0,0,0,0,0,0,0,0,0,0,0,0,0,0,0,0,-100,0,0,0,0,0,0,0,0,0,0
2021-07-14,GMRINFRA,EQ,31.55,31.6,31.75,31.0,31.1,31.1,31.34,10912132,34195542410000.004,32168,2461256,22.56,339.22,513.51,28.65,0,0,0,0,0,0,0,0,0,0,0,-100,0,0,0,0,0,0,0,0,0,0,0,0,0,0,0,0,100,0,0,0,0,0,0,0,0,0,-100,0,0,0,0,0,0,0,0,0,0,0,0,0,0,0,0,0,0,0,0,0,0
2021-07-15,GMRINFRA,EQ,31.1,31.1,31.2,30.65,31.0,30.85,30.89,11535436,35637121130000.0,23816,2271427,19.69,484.36,513.51,28.65,0,0,0,0,0,0,0,0,0,0,0,0,0,0,0,0,0,0,0,0,0,0,0,0,0,0,0,0,0,0,0,0,0,0,0,0,0,0,0,0,0,0,0,0,0,0,0,0,0,0,-100,0,0,0,0,0,0,0,0,0,0
2021-07-16,GMRINFRA,EQ,30.85,31.0,31.5,30.8,30.85,31.1,31.19,11314890,35291021405000.0,32923,2436545,21.53,343.68,513.51,28.65,0,0,0,0,0,0,0,0,0,0,0,0,0,0,0,0,0,0,0,0,0,0,0,0,0,0,0,0,0,0,0,0,0,0,0,0,0,0,0,0,0,0,0,0,0,0,0,0,0,0,0,100,0,0,0,0,0,0,0,0,0
2021-07-19,GMRINFRA,EQ,31.1,30.75,30.85,30.15,30.2,30.25,30.5,10326116,31499440189999.996,20936,2159486,20.91,493.22,513.51,28.65,0,0,0,0,0,0,0,0,0,0,0,0,0,0,0,0,0,0,0,0,0,0,0,0,0,0,0,0,0,0,0,0,0,0,0,0,0,0,-100,0,0,0,0,0,0,0,0,0,0,0,0,0,0,0,0,0,0,0,0,0,0
2021-07-20,GMRINFRA,EQ,30.25,30.25,30.35,28.95,29.15,29.2,29.41,20602961,60594227260000.0,42787,4395796,21.34,481.52,513.51,28.65,0,0,0,0,0,0,0,0,0,0,0,0,0,0,0,0,0,0,0,0,0,0,0,0,0,0,0,0,0,0,0,0,0,0,0,0,0,0,0,0,0,0,0,0,0,0,0,0,0,0,0,0,0,0,0,0,0,0,0,0,0
2021-07-22,GMRINFRA,EQ,29.2,29.25,29.55,29.2,29.5,29.4,29.39,10541919,30982840035000.004,27791,2361090,22.4,379.33,513.51,28.65,0,0,0,0,0,0,0,0,0,0,0,0,0,0,0,0,0,0,0,0,0,0,0,0,0,100,0,0,0,0,0,0,0,0,0,0,0,0,0,0,0,0,0,0,0,0,0,0,0,0,100,0,0,0,0,0,0,0,0,0,0
2021-07-23,GMRINFRA,EQ,29.4,29.5,29.6,28.65,28.95,29.0,29.1,15511883,45141376530000.0,33253,3122590,20.13,466.48,513.51,28.65,0,0,0,0,0,0,0,0,0,0,0,0,0,0,0,0,0,0,-100,0,0,0,0,0,0,0,0,0,0,0,0,0,0,0,0,0,0,0,0,0,0,0,0,0,0,0,0,0,0,0,0,0,0,0,0,0,0,0,0,0,0
2021-07-26,GMRINFRA,EQ,29.0,28.6,28.85,28.0,28.2,28.25,28.33,29097889,82424468800000.0,42171,11557753,39.72,690.0,513.51,28.65,0,0,0,0,-100,0,0,0,0,0,0,0,0,0,0,0,0,0,0,0,0,0,0,0,0,0,0,0,0,0,0,0,0,0,0,0,0,0,0,0,0,0,0,0,0,0,0,0,0,0,0,0,0,0,0,0,0,0,0,0,0
2021-07-27,GMRINFRA,EQ,28.25,28.35,28.6,27.8,27.9,27.95,28.17,18354875,51708011300000.0,42583,4632682,25.24,431.04,513.51,28.65,0,0,0,0,0,0,0,0,0,0,0,0,0,0,0,0,0,0,0,0,0,0,0,0,0,0,0,0,0,0,0,0,0,0,0,0,0,0,0,0,0,0,0,0,0,0,0,0,0,0,0,0,0,0,0,0,0,0,0,0,0
2021-07-28,GMRINFRA,EQ,27.95,28.0,28.05,27.35,27.8,27.55,27.63,15399708,42556223220000.0,24790,3445942,22.38,621.21,513.51,28.65,0,0,0,0,0,0,0,0,0,-100,0,0,0,0,0,0,0,0,0,0,0,0,0,0,0,0,0,0,0,0,0,0,0,0,0,0,0,0,0,0,0,0,0,0,0,0,0,0,0,0,0,0,0,0,0,0,0,0,0,0,0
2021-07-29,GMRINFRA,EQ,27.55,27.75,28.3,27.55,28.15,28.05,27.94,16865238,47128729200000.0,22362,5469956,32.43,754.19,513.51,28.65,0,0,0,0,0,0,0,0,0,0,0,0,0,0,0,0,0,0,0,0,0,0,0,0,0,0,0,0,0,0,0,0,0,0,0,0,0,0,0,0,0,0,0,0,0,0,0,0,0,0,0,0,0,0,0,0,0,0,0,0,0
2021-07-30,GMRINFRA,EQ,28.05,28.15,28.55,27.9,28.5,28.4,28.33,16028878,45404637820000.0,27143,5179134,32.31,590.53,513.51,28.65,0,0,0,0,0,0,0,0,0,0,0,0,0,0,0,0,0,0,0,0,0,0,0,0,0,0,0,0,0,0,0,0,0,0,0,0,0,0,0,0,0,0,0,0,0,0,0,0,0,0,0,0,0,0,0,0,0,0,0,0,0
2021-08-02,GMRINFRA,EQ,28.4,28.6,29.35,28.5,28.8,29.0,28.9,22499226,65033397904999.99,46854,6917594,30.75,480.2,513.51,28.65,0,0,0,0,0,0,0,0,0,0,0,0,0,0,0,0,0,0,0,0,0,0,0,0,0,0,0,0,0,0,0,0,0,0,0,0,0,0,0,0,0,0,0,0,0,0,0,0,0,0,0,0,0,0,0,0,0,0,0,0,0
2021-08-03,GMRINFRA,EQ,29.0,28.85,29.0,28.1,28.45,28.65,28.44,17103677,48650665045000.0,25349,5797608,33.9,674.73,513.51,28.65,0,0,0,0,0,0,0,0,0,0,0,0,0,0,0,0,0,0,0,0,0,0,0,0,0,0,0,0,0,0,0,0,0,0,0,0,0,0,0,0,0,0,0,0,0,0,0,0,0,0,0,0,0,0,0,0,0,0,0,0,0
2021-08-04,GMRINFRA,EQ,28.65,28.6,29.0,27.8,28.15,28.3,28.37,16667530,47278623935000.0,39676,6229806,37.38,420.09,513.51,28.65,0,0,0,0,0,0,0,0,0,0,0,0,0,0,0,0,0,0,0,0,0,0,0,0,0,0,0,0,0,0,0,0,0,0,0,0,0,0,0,0,0,0,0,0,0,0,0,0,0,0,0,-100,0,0,0,0,0,0,0,0,0
2021-08-05,GMRINFRA,EQ,28.3,28.25,29.05,27.7,28.6,28.8,28.24,14585753,41196960335000.0,37302,5049319,34.62,391.02,513.51,28.65,0,0,0,0,0,0,0,0,0,0,0,0,0,0,0,0,0,0,100,0,0,0,0,0,0,0,0,0,0,0,0,0,0,0,0,0,0,0,0,0,0,0,0,0,0,0,0,0,0,0,0,0,0,0,0,0,0,0,0,0,0
2021-08-06,GMRINFRA,EQ,28.8,28.65,29.15,28.5,28.9,28.85,28.76,13112940,37716708125000.0,16997,5574355,42.51,771.49,513.51,28.65,0,0,0,0,100,0,0,0,0,0,0,0,0,0,0,0,0,0,0,0,0,0,0,0,0,0,0,0,0,0,0,0,0,0,0,0,0,0,0,0,0,0,0,0,0,0,0,0,0,0,0,0,0,0,0,0,0,0,0,0,0
2021-08-09,GMRINFRA,EQ,28.85,28.85,29.0,28.15,28.2,28.25,28.53,8972468,25600916590000.0,20757,3149757,35.1,432.26,513.51,28.65,0,0,0,0,0,0,0,0,0,0,0,0,0,0,0,0,0,0,0,0,0,0,0,0,0,0,0,0,0,0,0,0,0,0,0,0,0,0,-100,0,0,0,0,0,0,0,0,0,0,0,0,0,0,0,0,0,0,0,0,0,0
2021-08-10,GMRINFRA,EQ,28.25,28.25,28.75,27.7,27.85,27.95,28.26,14432755,40779755055000.0,23772,5006109,34.69,607.13,513.51,28.65,0,0,0,0,0,0,0,0,0,0,0,0,0,0,0,0,0,0,0,0,0,0,0,0,0,0,0,0,0,0,0,0,0,0,0,0,0,0,0,0,0,0,0,0,0,0,0,0,0,0,0,0,0,0,0,0,0,0,0,0,0
2021-08-11,GMRINFRA,EQ,27.95,28.15,28.25,27.5,27.95,27.95,27.81,9387395,26103153690000.0,21444,1836684,19.57,437.76,513.51,28.65,0,0,0,0,0,0,0,0,0,0,0,0,0,0,0,0,0,0,0,0,0,0,0,0,0,0,0,0,0,0,0,0,0,0,0,0,0,0,0,0,100,0,0,0,0,0,0,0,0,0,0,0,0,0,0,0,0,0,0,0,0
2021-08-12,GMRINFRA,EQ,27.95,28.0,28.45,27.95,28.2,28.15,28.19,7524472,21209993225000.0,14170,2198105,29.21,531.01,513.51,28.65,0,0,0,0,0,0,0,0,0,0,0,0,0,0,0,0,0,0,0,0,0,0,0,0,0,0,0,0,0,0,0,0,0,0,0,0,0,0,0,0,0,0,0,0,0,0,0,0,0,0,0,0,0,0,0,0,0,0,0,0,0
2021-08-13,GMRINFRA,EQ,28.15,28.45,28.7,27.8,27.95,28.05,28.31,9681567,27413160955000.0,8471,1462560,15.11,1142.91,513.51,28.65,0,0,0,0,0,0,0,0,0,0,0,0,0,0,0,0,0,0,0,0,0,0,0,0,0,0,0,0,0,0,0,0,0,0,0,0,0,0,-100,0,0,0,0,0,0,0,0,0,0,0,0,0,0,0,0,0,0,0,0,0,0
2021-08-16,GMRINFRA,EQ,28.05,27.85,29.0,27.85,28.85,28.85,28.6,13706266,39204230090000.0,57914,2719174,19.84,236.67,513.51,28.65,0,0,0,0,0,0,0,0,0,100,0,0,0,0,0,0,0,0,100,0,0,0,0,0,0,0,0,0,0,0,0,0,0,0,0,0,0,0,100,0,0,0,0,0,0,0,0,0,0,0,0,0,0,0,0,0,0,0,0,0,0
2021-08-17,GMRINFRA,EQ,28.85,28.85,29.9,28.6,28.95,29.0,29.12,25971812,75626394775000.0,61414,6303323,24.27,422.9,513.51,28.65,0,0,0,0,100,0,0,0,0,0,0,0,0,0,0,0,0,0,0,0,0,0,0,0,0,0,0,0,0,0,0,0,0,0,0,0,0,0,0,0,0,0,0,0,0,0,0,0,0,0,0,100,0,0,0,0,0,0,0,0,0
2021-08-18,GMRINFRA,EQ,29.0,29.0,29.85,28.65,29.0,28.85,29.23,19673326,57503367375000.0,49650,3960205,20.13,396.24,513.51,28.65,0,0,0,0,0,0,0,0,0,0,0,0,0,0,0,0,0,0,0,0,0,0,0,0,0,0,0,0,0,0,0,0,0,0,0,0,0,0,0,0,0,0,0,0,0,0,0,0,0,0,0,-100,0,0,0,0,0,0,0,0,0
2021-08-20,GMRINFRA,EQ,28.85,28.65,28.8,27.35,27.4,27.55,28.1,8949395,25152165190000.0,41169,2068643,23.11,217.38,513.51,28.65,0,0,0,0,0,0,0,0,0,0,0,0,0,0,0,0,0,0,0,0,0,0,0,0,0,0,0,0,100,0,0,0,0,0,0,0,0,0,-100,0,0,0,0,0,0,0,0,0,0,0,0,0,0,0,0,0,0,0,0,0,0
2021-08-23,GMRINFRA,EQ,27.55,27.9,28.1,27.4,27.4,27.55,27.8,12667787,35210706075000.0,30358,4504822,35.56,417.28,513.51,28.65,0,0,0,0,0,0,0,0,0,0,0,0,0,0,0,0,0,0,0,0,0,0,0,0,0,0,0,0,0,0,0,0,0,0,0,0,0,0,0,0,100,0,0,0,0,0,0,0,0,0,-100,0,0,0,0,0,0,0,0,0,0
2021-08-24,GMRINFRA,EQ,27.55,27.95,28.45,27.65,28.45,28.3,28.11,12127329,34085609905000.0,39483,2128425,17.55,307.15,513.51,28.65,0,0,0,0,0,0,0,0,0,0,0,0,0,0,0,0,0,0,0,0,0,0,0,0,0,0,0,0,-100,0,0,0,0,0,0,0,0,0,0,0,0,0,0,0,0,0,0,0,0,0,0,0,0,0,0,0,0,0,0,0,0
2021-08-25,GMRINFRA,EQ,28.3,28.45,29.15,28.3,28.9,28.9,28.77,9178687,26407215915000.0,39910,1502911,16.37,229.98,513.51,28.65,0,0,0,0,0,0,0,0,0,0,0,0,0,0,0,0,0,0,0,0,0,0,0,0,0,0,0,0,0,0,0,0,0,0,0,0,0,0,100,0,0,0,0,0,0,0,0,0,0,0,0,0,0,0,0,0,0,0,0,0,0
2021-08-26,GMRINFRA,EQ,28.9,28.85,29.1,28.6,28.65,28.75,28.82,6055787,17450124105000.002,36689,845718,13.97,165.06,513.51,28.65,0,0,0,0,0,0,0,0,0,0,0,0,0,0,0,0,0,0,0,0,0,0,0,0,0,-100,0,0,0,0,0,0,0,0,0,0,0,0,0,0,0,0,0,0,0,0,0,0,0,0,-100,-100,0,0,0,0,0,0,0,0,0
2021-08-27,GMRINFRA,EQ,28.75,28.65,29.4,28.6,29.15,29.15,28.98,7615483,22068532510000.0,32072,2457499,32.27,237.45,513.51,28.65,0,0,0,0,0,0,0,0,0,100,0,0,0,0,0,0,0,0,100,0,0,0,0,0,0,0,0,0,0,0,0,0,0,0,0,0,0,0,100,0,0,0,0,0,0,0,0,0,0,0,0,0,0,0,0,0,0,0,0,0,0
2021-08-30,GMRINFRA,EQ,29.15,29.3,29.6,29.15,29.45,29.4,29.34,6760601,19838011015000.0,34573,3413201,50.49,195.55,513.51,28.65,0,0,0,0,100,0,0,0,0,0,0,0,0,0,0,0,0,0,0,0,0,0,0,0,0,0,0,0,0,0,0,0,0,0,0,0,0,0,0,0,0,0,0,0,0,0,0,0,0,0,100,100,0,0,0,0,0,0,0,0,0
2021-08-31,GMRINFRA,EQ,29.4,29.45,29.55,28.9,29.1,29.05,29.11,4917548,14314856055000.002,33421,1365543,27.77,147.14,513.51,28.65,0,0,0,0,0,0,0,0,0,0,0,0,0,0,0,0,0,0,-100,0,0,0,0,0,0,0,0,0,0,0,0,0,0,0,0,0,0,0,0,0,0,0,0,0,0,0,0,0,0,0,-100,0,0,0,0,0,0,0,0,0,0
2021-09-01,GMRINFRA,EQ,29.05,29.2,30.65,28.9,30.5,30.3,29.83,11482944,34258335525000.0,40807,3276264,28.53,281.4,513.51,28.65,0,0,0,0,0,0,0,0,0,0,0,0,0,0,0,0,0,0,0,0,0,0,0,0,0,0,0,0,0,0,0,0,0,0,0,0,0,0,0,0,0,0,0,0,0,0,0,0,0,0,0,0,0,0,0,0,0,0,0,0,0
2021-09-02,GMRINFRA,EQ,30.3,30.6,31.0,30.3,30.35,30.45,30.54,12981990,39643268640000.0,47887,3030751,23.35,271.1,513.51,28.65,0,0,0,0,0,0,0,0,0,0,0,0,0,0,0,0,0,0,0,0,0,0,0,0,0,0,0,0,0,0,0,0,0,0,0,0,0,0,0,0,0,0,0,0,0,0,0,0,0,0,0,0,0,0,0,0,0,0,0,0,0
2021-09-03,GMRINFRA,EQ,30.45,30.55,30.85,30.1,30.35,30.45,30.5,7256786,22132529175000.0,39748,1581389,21.79,182.57,513.51,28.65,0,0,0,0,0,0,0,0,0,0,0,0,0,0,0,0,0,0,0,0,0,0,0,0,0,0,0,-100,0,0,0,0,0,0,0,0,0,0,0,0,100,0,0,0,0,0,0,0,0,0,0,-100,0,0,0,0,0,0,0,0,0
2021-09-06,GMRINFRA,EQ,30.45,30.55,31.5,30.45,30.9,30.85,31.01,12635608,39180263995000.0,45190,2891619,22.88,279.61,513.51,28.65,0,0,0,0,0,0,0,0,0,0,0,0,0,0,0,0,0,0,0,0,0,0,0,0,0,0,0,0,0,0,0,0,0,0,0,0,0,0,0,0,0,0,0,0,0,0,0,0,0,0,0,0,0,0,0,0,0,0,0,0,0
2021-09-07,GMRINFRA,EQ,30.85,31.0,31.15,30.35,30.55,30.6,30.73,6902092,21207581370000.0,36525,1494160,21.65,188.97,513.51,28.65,0,0,0,0,0,0,0,0,0,0,0,0,0,0,0,0,0,0,0,0,0,0,0,0,0,0,0,0,0,0,0,0,0,0,0,0,0,0,0,0,0,0,0,0,0,0,0,0,0,0,0,0,0,0,0,0,0,0,0,0,0
2021-09-08,GMRINFRA,EQ,30.6,30.6,30.8,30.1,30.4,30.5,30.46,5086075,15492210510000.0,31630,969349,19.06,160.8,513.51,28.65,0,0,0,0,0,0,0,0,0,0,0,0,0,0,0,0,0,0,0,0,0,0,0,0,0,0,0,0,0,0,0,0,0,0,0,0,0,0,0,0,0,0,0,0,0,0,0,0,0,0,0,-100,0,0,0,0,0,0,0,0,0
2021-09-09,GMRINFRA,EQ,30.5,30.45,30.6,29.95,30.05,30.1,30.17,4804373,14494454960000.0,35573,1128008,23.48,135.06,513.51,28.65,0,0,0,0,0,0,0,0,0,0,0,0,0,0,0,0,0,0,0,0,0,0,0,0,0,0,0,0,0,0,0,0,0,0,0,0,0,0,-100,0,0,0,0,0,0,0,0,0,0,0,0,0,0,0,0,0,0,0,0,0,0
2021-09-13,GMRINFRA,EQ,30.1,30.0,30.2,29.6,30.05,30.0,29.9,5806279,17359951685000.0,35324,1506165,25.94,164.37,513.51,28.65,0,0,0,0,0,0,0,0,0,0,0,0,0,0,0,100,100,0,0,0,0,0,0,0,0,0,0,100,0,0,0,0,0,0,0,0,0,100,0,0,0,0,0,0,0,0,100,0,0,0,0,100,0,0,0,0,0,0,0,0,0
2021-09-14,GMRINFRA,EQ,30.0,30.2,30.3,29.8,29.9,30.0,30.05,4332410,13018043100000.0,42845,1449768,33.46,101.12,513.51,28.65,0,0,0,0,0,0,0,0,0,0,0,0,0,0,0,0,0,0,0,0,0,0,0,0,0,0,0,0,0,0,0,0,0,0,0,0,0,0,0,0,0,0,0,0,0,0,0,0,0,0,-100,0,0,0,0,0,0,0,0,0,0
2021-09-15,GMRINFRA,EQ,30.0,30.1,32.55,30.05,32.45,32.3,31.76,32482573,103174223520000.0,67506,9434790,29.05,481.18,513.51,28.65,0,0,0,0,0,0,0,0,0,100,0,0,0,0,0,0,0,0,0,0,0,0,0,0,0,0,0,0,0,0,0,0,0,0,0,0,0,0,100,0,0,0,0,0,0,0,0,0,0,0,0,0,0,0,0,0,0,0,0,0,0
2021-09-16,GMRINFRA,EQ,32.3,32.35,32.65,31.65,32.3,32.15,32.08,15173568,48672505340000.0,41091,7813401,51.49,369.27,513.51,28.65,0,0,0,0,0,0,0,0,0,0,0,0,0,0,0,0,0,0,0,0,0,0,0,0,0,0,0,0,0,0,0,0,0,0,0,0,0,0,0,0,0,0,0,0,0,0,0,0,0,0,0,-100,0,0,0,0,0,0,0,0,0
2021-09-17,GMRINFRA,EQ,32.15,32.4,33.1,31.35,31.6,31.55,32.19,23968716,77166866160000.0,53468,7706443,32.15,448.28,513.51,28.65,0,0,0,0,0,0,0,0,0,0,0,0,0,0,0,0,0,0,0,0,0,0,0,0,0,0,0,0,0,0,0,0,0,0,0,0,0,0,0,0,0,0,0,0,0,0,0,0,0,0,0,0,0,0,0,0,0,0,0,0,0
2021-09-20,GMRINFRA,EQ,31.55,31.35,36.2,30.85,33.95,34.05,33.89,89463138,303222693680000.0,112722,15498946,17.32,793.66,513.51,28.65,0,0,0,0,0,0,0,0,0,0,0,0,0,0,0,0,0,0,100,0,0,0,0,0,0,0,0,0,0,0,0,0,0,0,0,0,0,0,0,0,0,0,0,0,0,0,0,0,0,0,0,0,0,0,0,0,0,0,0,0,0
2021-09-21,GMRINFRA,EQ,34.05,34.3,35.65,33.45,35.4,35.3,34.5,50711004,174960064925000.0,85104,10887307,21.47,595.87,513.51,28.65,0,0,0,0,100,0,0,0,0,0,0,0,0,0,0,0,0,0,0,0,0,0,0,0,0,0,0,0,0,0,0,0,0,0,0,0,0,0,0,0,0,0,0,0,0,0,0,0,0,0,0,0,0,0,0,0,0,0,0,0,0
2021-09-22,GMRINFRA,EQ,35.3,35.5,36.45,34.6,36.15,36.25,35.76,48916676,174937173765000.0,90483,9393071,19.2,540.62,513.51,28.65,0,0,0,0,0,0,0,0,0,0,0,0,0,0,0,0,0,0,0,0,0,0,0,0,0,0,0,0,-100,0,0,0,0,0,0,0,0,0,0,0,0,0,0,0,0,0,0,0,0,0,0,0,0,0,0,0,0,0,0,0,0
2021-09-23,GMRINFRA,EQ,36.25,36.4,36.8,35.65,36.0,36.0,36.12,44695923,161446884930000.0,66641,20925821,46.82,670.7,513.51,28.65,0,0,0,0,0,0,0,0,0,0,0,0,0,0,0,0,0,0,0,0,0,0,0,0,0,0,0,0,0,0,0,0,0,0,0,0,0,0,0,0,0,0,0,0,0,0,0,0,0,0,-100,0,0,0,0,0,0,0,0,0,0
2021-09-24,GMRINFRA,EQ,36.0,36.15,38.15,35.95,35.95,36.3,36.94,53833205,198858278035000.0,89562,12130291,22.53,601.07,513.51,28.65,0,0,0,0,0,0,0,0,0,0,0,0,0,0,0,100,0,0,0,0,0,0,0,0,0,0,0,0,0,0,0,0,0,0,0,0,0,100,0,0,0,0,0,0,0,0,0,0,0,0,0,100,0,0,0,0,0,0,0,0,0
2021-09-27,GMRINFRA,EQ,36.3,36.3,37.0,35.5,36.6,36.5,36.31,36996586,134336441840000.02,62568,9341679,25.25,591.3,513.51,28.65,0,0,0,0,0,0,0,0,0,0,0,0,0,0,0,0,0,0,0,0,0,0,0,0,0,0,0,100,0,0,0,0,0,0,0,0,0,0,0,0,0,0,0,0,0,0,0,0,0,0,0,100,0,0,0,0,0,0,0,0,0
2021-09-28,GMRINFRA,EQ,36.5,36.7,37.1,35.55,35.7,35.85,36.3,34863839,126555916915000.02,58341,13347742,38.29,597.59,513.51,28.65,0,0,0,0,0,0,0,0,0,0,0,0,0,0,0,0,0,0,-100,0,0,0,0,0,0,0,0,0,0,0,0,0,0,0,0,0,0,0,0,0,0,0,0,0,0,0,0,0,0,0,-100,0,0,0,0,0,0,0,0,0,0
2021-09-29,GMRINFRA,EQ,35.85,35.6,39.4,35.5,38.05,38.0,37.97,66470480,252421342785000.0,103594,10117690,15.22,641.64,513.51,28.65,0,0,0,0,0,0,0,0,0,100,0,0,0,0,0,0,0,0,100,0,0,0,0,0,0,0,0,0,0,0,0,0,0,0,0,0,0,0,0,0,0,0,0,0,0,0,0,0,0,0,0,0,0,0,0,0,0,0,0,0,0
2021-09-30,GMRINFRA,EQ,38.0,38.6,39.4,38.15,38.4,38.35,38.66,34318100,132688068920000.0,71135,7187783,20.94,482.44,513.51,28.65,0,0,0,0,100,0,0,0,0,0,0,0,0,0,0,0,0,0,0,0,0,0,0,0,0,0,0,0,0,0,0,0,0,0,0,0,0,0,0,0,0,0,0,0,0,0,0,0,0,-100,0,0,0,0,0,0,0,0,0,0,0
2021-10-01,GMRINFRA,EQ,38.35,38.3,41.65,37.5,40.75,41.0,40.37,115868519,467752688375000.0,154034,15912318,13.73,752.23,513.51,28.65,0,0,0,0,0,0,0,0,0,0,0,0,0,0,0,0,0,0,100,0,0,0,0,0,0,0,0,0,0,0,0,0,0,0,0,0,0,0,0,0,0,0,0,0,0,0,0,0,0,0,0,0,0,0,0,0,0,0,0,0,0
2021-10-04,GMRINFRA,EQ,41.0,41.35,41.75,40.3,40.75,40.75,40.89,38220398,156280790185000.0,48073,9942225,26.01,795.05,513.51,28.65,0,0,0,0,0,0,0,0,0,0,0,0,0,0,0,0,0,0,0,0,0,0,0,0,0,0,0,0,0,0,0,0,0,0,0,0,0,0,0,0,0,0,0,0,0,0,0,0,0,0,-100,0,0,0,0,0,0,0,0,0,0
2021-10-05,GMRINFRA,EQ,40.75,40.8,41.7,40.4,40.5,40.55,41.02,24837131,101891332260000.0,61270,6499111,26.17,405.37,513.51,28.65,0,0,0,0,0,0,0,0,0,0,0,0,0,0,0,0,0,0,0,0,0,0,0,0,0,0,0,0,0,0,0,0,0,0,0,0,0,0,0,0,0,0,0,0,0,0,0,0,0,0,0,0,0,0,0,0,0,0,0,0,0
2021-10-06,GMRINFRA,EQ,40.55,40.6,41.0,39.05,39.2,39.3,40.0,28817707,115259361584999.98,78365,7327999,25.43,367.74,513.51,28.65,0,0,0,0,0,0,0,0,0,0,0,0,0,0,0,0,0,0,0,0,0,0,0,0,0,0,0,0,100,0,0,0,0,0,0,0,0,0,-100,0,0,0,0,0,0,0,0,0,0,0,0,0,0,0,0,0,0,0,0,0,0
2021-10-07,GMRINFRA,EQ,39.3,39.65,40.95,39.55,40.1,39.9,40.12,19782082,79365105460000.0,26990,4964240,25.09,732.94,513.51,28.65,0,0,0,0,0,0,0,0,0,0,0,0,0,0,0,0,0,0,0,0,0,0,0,0,0,100,0,0,0,0,0,0,0,0,0,0,0,0,0,0,0,0,0,0,0,0,0,0,0,0,0,0,0,0,0,0,0,0,0,0,0
2021-10-08,GMRINFRA,EQ,39.9,40.35,40.4,39.2,39.35,39.4,39.77,13851107,55089149029999.99,45427,3082975,22.26,304.91,513.51,28.65,0,0,0,0,0,0,0,0,0,-100,0,-100,0,0,0,0,0,0,-100,0,0,0,0,0,0,0,0,0,100,0,0,0,0,0,0,0,0,0,-100,-100,0,0,0,0,0,0,0,0,0,0,0,0,0,100,0,0,0,0,0,0,0
2021-10-11,GMRINFRA,EQ,39.4,39.75,45.0,39.6,42.85,43.05,42.77,78174022,334377597460000.0,113026,16832549,21.53,691.65,513.51,28.65,0,0,0,0,0,0,0,0,0,100,0,0,0,0,0,0,0,0,0,0,0,0,0,0,0,0,0,0,200,0,0,0,0,0,0,0,0,0,0,0,0,0,0,0,0,0,0,0,0,0,0,0,0,0,0,0,0,0,0,0,0
2021-10-12,GMRINFRA,EQ,43.05,43.45,43.65,42.4,42.8,43.0,42.98,25924498,111410928600000.0,61727,5711656,22.03,419.99,513.51,28.65,0,0,0,0,0,0,0,0,0,0,0,0,0,0,0,0,0,0,0,0,0,0,0,0,0,0,0,0,0,0,0,0,0,0,0,0,0,0,0,0,0,0,0,0,0,0,0,0,0,0,0,0,0,0,0,0,0,0,0,0,0
2021-10-13,GMRINFRA,EQ,43.0,43.0,46.1,42.9,44.75,44.5,44.64,52559607,234651217750000.0,101017,11668027,22.2,520.3,513.51,28.65,0,0,0,0,0,0,0,0,0,100,0,0,0,0,0,0,0,0,0,0,0,0,0,0,0,0,0,0,-100,0,0,0,0,0,0,0,0,0,0,0,0,0,0,0,0,0,0,0,0,0,0,0,0,0,0,0,0,0,0,0,0
2021-10-14,GMRINFRA,EQ,44.5,44.9,45.55,43.2,43.4,43.4,44.34,21192063,93969088765000.0,61458,6524243,30.79,344.82,513.51,28.65,0,0,0,0,0,0,0,0,0,0,0,-100,0,0,0,0,0,0,0,0,0,0,0,0,0,0,0,0,0,0,0,0,0,0,0,0,0,0,0,0,0,0,0,0,0,0,0,0,0,0,0,0,0,0,0,0,0,0,0,0,0
2021-10-18,GMRINFRA,EQ,43.4,43.6,44.45,42.7,42.85,43.0,43.52,19529191,84991559715000.0,69381,6980501,35.74,281.48,513.51,28.65,0,0,0,0,0,0,0,0,0,0,0,0,0,0,0,0,0,0,0,0,0,0,0,0,0,0,0,0,100,0,0,0,0,0,0,0,0,0,0,0,0,0,0,0,0,0,0,0,0,0,0,0,0,0,0,0,0,0,0,0,0
2021-10-19,GMRINFRA,EQ,43.0,43.1,44.4,41.5,41.75,41.75,42.8,24101482,103161918240000.0,67178,4615798,19.15,358.77,513.51,28.65,0,0,0,0,0,0,0,0,0,0,0,0,0,0,0,0,0,0,0,0,0,0,0,0,0,0,0,0,0,0,0,0,0,0,0,0,0,0,0,0,0,0,0,0,0,0,0,0,0,0,0,0,0,0,0,0,0,0,0,0,0
2021-10-20,GMRINFRA,EQ,41.75,42.05,42.6,40.4,42.0,41.95,41.79,22936970,95852464550000.0,60514,4651336,20.28,379.04,513.51,28.65,0,0,0,0,0,0,0,0,0,0,0,0,0,0,0,100,0,0,0,0,0,0,0,0,0,100,100,-100,0,0,100,0,0,0,0,0,0,100,0,0,0,0,0,0,0,0,100,0,0,0,0,-100,0,0,0,0,0,0,0,0,0
2021-10-21,GMRINFRA,EQ,41.95,42.35,42.8,40.9,41.35,41.45,41.75,22141937,92435622960000.0,56387,5500924,24.84,392.68,513.51,28.65,0,0,0,0,0,0,0,0,0,0,0,0,0,0,0,0,0,0,0,0,0,0,0,0,0,0,0,0,0,0,0,0,0,0,0,0,0,0,0,0,0,0,0,0,0,0,0,0,0,0,-100,0,0,0,0,0,0,0,0,0,0
2021-10-22,GMRINFRA,EQ,41.45,41.5,41.75,39.6,39.7,39.85,40.46,19796472,80097563560000.0,55409,6571066,33.19,357.28,513.51,28.65,0,0,0,0,0,0,0,0,0,0,0,0,0,0,0,0,0,0,0,0,0,0,0,0,0,0,0,0,0,0,0,0,0,0,0,0,0,0,-100,0,0,0,0,0,0,0,0,0,0,0,0,0,0,0,0,0,0,0,0,0,0
2021-10-25,GMRINFRA,EQ,39.85,40.05,41.1,38.8,40.8,40.8,40.12,19221455,77115386455000.0,41549,4064313,21.14,462.62,513.51,28.65,0,0,0,0,0,0,0,0,0,0,0,0,0,0,0,0,0,0,0,0,0,0,0,0,0,100,0,0,0,0,0,0,0,0,0,0,0,0,0,0,0,0,0,0,0,0,0,0,0,0,0,0,0,0,0,0,0,0,0,0,0
2021-10-26,GMRINFRA,EQ,40.8,41.1,41.6,40.6,41.3,41.2,41.06,12280853,50419434360000.0,44713,2350314,19.14,274.66,513.51,28.65,0,0,0,0,0,0,0,0,0,0,0,0,0,0,0,100,0,0,0,0,0,0,0,0,0,0,0,100,0,0,0,0,0,0,0,0,0,100,0,0,0,0,0,0,0,0,100,0,0,0,100,100,0,0,0,0,0,0,0,0,0
2021-10-27,GMRINFRA,EQ,41.2,41.6,42.15,40.4,40.5,40.7,41.24,12566321,51817371965000.0,47331,2290340,18.23,265.5,513.51,28.65,0,0,0,0,0,0,0,0,0,0,0,0,0,0,0,0,0,0,-100,0,0,0,0,0,0,0,0,0,0,0,0,0,0,0,0,0,0,0,-100,0,0,0,0,0,0,0,0,0,0,0,0,0,0,0,0,0,0,0,0,0,0
2021-10-28,GMRINFRA,EQ,40.7,40.55,41.05,39.5,39.9,39.75,40.24,17082320,68744117845000.01,38700,3525499,20.64,441.4,513.51,28.65,0,0,0,0,-100,0,0,0,0,0,0,0,0,0,0,0,0,0,0,0,0,0,0,0,0,0,0,0,0,0,0,0,0,0,0,0,0,0,0,0,0,0,0,0,0,0,0,0,0,0,-100,0,0,0,0,0,0,0,0,0,0
2021-10-29,GMRINFRA,EQ,39.75,39.85,42.1,39.3,40.6,40.55,40.84,20553577,83936341300000.0,57809,4887155,23.78,355.54,513.51,28.65,0,0,0,0,0,0,0,0,0,0,0,0,0,0,0,0,0,0,0,0,0,0,0,0,0,0,0,0,0,0,0,0,0,0,0,0,0,0,0,0,0,0,0,0,0,0,0,0,0,0,0,0,0,0,0,0,0,0,0,0,0
2021-11-01,GMRINFRA,EQ,40.55,40.7,42.45,40.4,42.35,42.25,41.5,22702105,94220506355000.0,61496,5271854,23.22,369.16,513.51,28.65,0,0,0,0,0,0,0,0,0,0,0,100,0,0,0,0,0,0,0,0,0,0,0,0,0,0,0,0,0,0,0,0,0,0,0,0,0,0,100,0,0,0,0,0,0,0,0,0,0,0,0,0,0,0,0,0,0,0,0,0,0
2021-11-02,GMRINFRA,EQ,42.25,42.35,42.4,41.75,41.9,41.95,42.03,11641592,48928682685000.0,45739,2467920,21.2,254.52,513.51,28.65,0,0,0,0,0,0,0,0,0,0,0,0,0,0,0,0,0,0,0,0,0,0,0,0,0,0,0,0,0,0,0,0,0,0,0,0,0,0,0,0,0,0,0,0,0,0,0,0,0,0,-100,0,0,0,0,0,0,0,0,0,0
2021-11-03,GMRINFRA,EQ,41.95,42.1,43.05,40.85,41.2,41.05,41.74,27143875,113301975480000.0,57144,9301655,34.27,475.01,513.51,28.65,0,0,0,0,0,0,0,0,0,0,0,0,0,0,0,0,0,0,0,0,0,0,0,0,0,0,0,0,0,0,0,0,0,0,0,0,0,0,0,0,0,0,0,0,0,0,0,0,0,0,0,0,0,0,0,0,0,0,0,0,0
2021-11-04,GMRINFRA,EQ,41.05,41.3,41.65,40.5,41.15,41.2,41.15,2827504,11635726810000.0,8474,974512,34.47,333.67,513.51,28.65,0,0,0,0,0,0,0,0,0,0,0,0,0,0,0,100,0,0,0,0,0,0,0,0,0,100,100,-100,0,0,100,0,0,0,0,0,0,100,0,0,0,0,0,0,0,0,100,0,0,0,0,-100,0,0,0,0,0,0,0,0,0
2021-11-08,GMRINFRA,EQ,41.2,41.35,42.7,41.15,42.15,42.15,42.05,14937960,62816843904999.99,48128,4529847,30.32,310.38,513.51,28.65,0,0,100,0,0,0,0,0,0,0,0,0,0,0,0,0,0,0,0,0,0,0,0,0,0,0,0,0,0,0,0,0,0,0,0,0,0,0,0,0,0,0,0,0,0,0,0,0,0,0,0,0,0,0,0,0,0,0,100,0,0
2021-11-09,GMRINFRA,EQ,42.15,42.25,42.65,41.95,42.35,42.25,42.25,7742826,32715656795000.0,38996,2078367,26.84,198.55,513.51,28.65,0,0,0,0,0,0,0,0,0,0,0,0,0,0,0,100,0,0,0,0,0,0,0,0,0,0,0,100,0,0,0,0,0,0,0,0,0,100,0,0,0,0,0,0,0,0,100,0,0,0,100,100,0,0,0,0,0,0,0,0,0
2021-11-10,GMRINFRA,EQ,42.25,42.2,43.05,41.65,41.9,41.8,42.26,17598667,74376450935000.0,52034,3974732,22.59,338.21,513.51,28.65,0,0,0,0,0,0,0,0,0,0,0,0,0,0,0,0,0,0,0,0,0,0,0,0,0,0,0,0,0,0,0,0,0,100,0,0,0,0,0,0,0,0,0,0,0,0,0,0,0,0,0,0,0,0,0,0,0,0,0,0,0
2021-11-11,GMRINFRA,EQ,41.8,41.9,43.35,41.3,43.0,43.05,42.43,21340300,90556841570000.0,52120,3580170,16.78,409.45,513.51,28.65,0,0,0,0,0,0,0,0,0,0,0,0,0,0,0,0,0,0,0,0,0,0,0,0,0,0,0,0,0,0,0,0,0,0,0,0,0,0,0,0,0,0,0,0,0,0,0,0,0,0,0,0,0,0,0,0,0,0,0,0,0
2021-11-12,GMRINFRA,EQ,43.05,43.35,43.35,41.55,41.85,42.05,42.31,21709880,91847385190000.0,48507,8103828,37.33,447.56,513.51,28.65,0,0,0,0,0,0,0,0,0,-100,0,0,0,0,0,0,0,0,0,0,0,0,0,0,0,0,0,0,0,0,0,0,0,0,0,0,0,0,0,0,0,0,0,0,0,0,0,0,0,0,0,0,0,0,0,0,0,0,0,0,0
2021-11-15,GMRINFRA,EQ,42.05,41.9,42.3,39.9,40.45,40.5,40.69,18394897,74856143635000.0,50797,3612840,19.64,362.13,513.51,28.65,0,0,0,0,0,0,0,0,0,0,0,0,0,0,0,0,0,0,0,0,0,0,0,0,0,0,0,0,0,0,0,0,0,0,0,0,0,0,0,0,0,0,0,0,0,0,0,0,0,0,0,0,0,0,0,0,0,0,0,0,0
2021-11-16,GMRINFRA,EQ,40.5,40.5,41.7,40.5,40.75,40.8,41.08,11523660,47340780555000.0,43420,3188307,27.67,265.4,513.51,28.65,0,0,0,0,0,0,0,0,0,0,0,0,0,0,0,0,0,0,0,0,0,0,0,0,0,0,0,0,0,0,0,0,0,0,0,0,0,0,0,0,0,0,0,0,0,0,0,0,0,0,0,0,0,0,0,0,0,0,0,0,0
2021-11-17,GMRINFRA,EQ,40.8,40.8,40.85,39.6,39.85,39.75,39.98,15351561,61369618120000.01,41744,5148397,33.54,367.75,513.51,28.65,0,0,0,0,0,0,0,0,0,-100,0,-100,0,0,0,0,0,0,0,0,0,0,0,0,0,0,0,0,100,0,0,0,0,0,0,0,0,0,-100,-100,0,0,0,0,0,0,0,0,0,0,0,0,0,0,0,0,0,0,0,0,0
2021-11-18,GMRINFRA,EQ,39.75,40.05,40.4,39.0,39.2,39.25,39.57,15410264,60981230725000.0,57378,3833133,24.87,268.57,513.51,28.65,0,0,0,0,0,0,0,0,0,0,0,0,0,0,0,0,0,0,0,0,0,0,0,0,0,0,0,0,0,0,0,0,0,0,0,0,0,0,-100,0,0,0,0,0,0,0,0,0,0,0,0,0,0,0,0,0,0,0,0,0,0
2021-11-22,GMRINFRA,EQ,39.25,38.8,39.0,36.25,37.7,37.45,37.32,34821252,129954594015000.02,76709,9782502,28.09,453.94,513.51,28.65,0,0,0,0,0,0,0,0,0,0,0,0,0,0,0,0,0,0,0,0,0,0,0,0,0,0,0,0,0,0,0,0,0,0,0,0,0,0,0,0,0,0,0,0,0,0,0,0,0,0,0,0,0,0,0,0,0,0,0,0,0
2021-11-23,GMRINFRA,EQ,37.45,37.45,39.75,37.25,39.35,39.4,38.9,28645241,111438096465000.02,54860,9037435,31.55,522.15,513.51,28.65,0,0,0,0,0,0,0,0,0,0,0,0,0,0,0,0,0,0,0,0,0,0,0,0,0,0,0,0,0,0,0,0,0,0,0,0,0,0,100,0,0,0,0,0,0,0,0,0,0,0,0,0,0,0,0,0,0,0,0,0,0
2021-11-24,GMRINFRA,EQ,39.4,39.6,40.15,39.05,39.2,39.4,39.68,18560382,73650651360000.0,53669,7125944,38.39,345.83,513.51,28.65,0,0,0,0,0,0,0,0,0,0,0,0,0,0,0,0,0,0,0,0,0,0,0,0,0,0,0,0,0,0,0,0,0,0,0,0,0,0,0,0,0,0,0,0,0,0,0,0,0,0,0,-100,0,0,0,0,0,0,0,0,0
2021-11-25,GMRINFRA,EQ,39.4,39.25,40.15,38.9,39.6,39.4,39.71,22108683,87800918740000.0,50215,7598506,34.37,440.28,513.51,28.65,0,0,0,0,0,0,0,0,0,0,0,0,0,0,0,100,0,0,0,0,0,0,0,0,0,0,0,100,0,0,0,0,0,0,0,0,0,100,0,0,0,0,0,0,0,0,100,0,0,0,0,100,0,0,0,0,0,0,0,0,0
2021-11-26,GMRINFRA,EQ,39.4,39.0,39.5,37.3,38.6,38.7,38.62,21000877,81108407985000.0,54752,6363903,30.3,383.56,513.51,28.65,0,0,0,0,0,0,0,0,0,0,0,0,0,0,0,0,0,0,0,0,0,0,0,0,0,0,0,0,0,0,0,0,0,0,0,0,0,0,0,0,0,0,0,0,0,0,0,0,0,0,0,-100,0,0,0,0,0,0,0,0,0
2021-11-29,GMRINFRA,EQ,38.7,38.0,39.0,36.7,37.5,37.45,38.0,17252885,65565465904999.99,50847,3775280,21.88,339.31,513.51,28.65,0,0,0,0,0,0,0,0,0,0,0,0,0,0,0,0,0,0,0,0,0,0,0,0,0,0,0,0,0,0,0,0,0,0,0,0,0,0,0,0,0,0,0,0,0,0,0,0,0,0,0,-100,0,0,0,0,0,0,0,0,0
2021-11-30,GMRINFRA,EQ,37.45,37.45,39.4,37.35,37.45,37.6,38.44,23793738,91461435600000.0,47561,2989065,12.56,500.28,513.51,28.65,0,0,0,0,0,0,0,0,0,0,0,0,0,0,0,100,0,0,0,0,0,0,100,0,0,0,0,0,0,0,0,0,0,0,0,0,0,100,0,0,0,0,0,0,0,0,0,0,0,0,0,0,0,0,0,0,0,0,0,0,0
2021-12-01,GMRINFRA,EQ,37.6,37.75,38.7,37.25,38.4,38.45,38.04,11117134,42293496505000.0,38967,1476234,13.28,285.3,513.51,28.65,0,0,0,0,0,0,0,0,0,0,0,0,0,0,0,0,0,0,0,0,0,0,0,0,0,0,0,0,0,0,0,0,0,0,0,0,0,0,100,0,0,0,0,0,0,0,0,0,0,0,0,0,0,0,0,0,0,0,0,0,0
2021-12-02,GMRINFRA,EQ,38.45,38.45,41.75,38.25,41.15,41.3,40.52,44597242,180697282055000.0,78030,6792166,15.23,571.54,513.51,28.65,0,0,0,0,0,0,0,0,0,0,0,0,0,0,0,0,0,0,0,0,0,0,0,0,0,0,0,0,0,0,0,0,0,0,0,0,0,0,100,0,0,0,0,0,0,0,0,0,0,0,0,0,0,0,0,0,0,0,0,0,0
2021-12-03,GMRINFRA,EQ,41.3,41.15,42.85,40.95,42.8,42.45,41.83,24641483,103085746375000.0,60512,5589090,22.68,407.22,513.51,28.65,0,0,0,0,0,0,0,0,-100,100,0,0,0,0,0,0,0,0,0,0,0,0,0,0,0,0,0,0,0,0,0,0,0,0,0,0,0,0,100,0,0,0,0,0,0,0,0,0,0,0,0,0,0,0,0,0,0,0,0,0,0
2021-12-06,GMRINFRA,EQ,42.45,42.6,43.25,41.55,41.95,41.85,42.46,19254128,81757321310000.0,56359,3177312,16.5,341.63,513.51,28.65,0,0,0,0,0,0,0,0,0,0,0,0,0,0,0,0,0,0,0,0,0,0,0,0,0,0,0,0,0,0,0,0,0,0,0,0,0,0,0,0,0,0,0,0,0,0,0,0,0,0,0,0,0,0,0,0,0,0,0,0,0
2021-12-07,GMRINFRA,EQ,41.85,42.15,42.95,41.95,42.85,42.85,42.58,14024340,59718529545000.01,46725,2874487,20.5,300.15,513.51,28.65,0,0,0,0,0,0,0,0,0,0,0,0,0,0,0,0,0,0,0,0,0,0,0,0,0,0,0,0,0,0,0,0,0,0,0,0,0,0,0,0,0,0,0,0,0,0,0,0,0,0,100,0,0,0,0,0,0,0,0,0,0
2021-12-08,GMRINFRA,EQ,42.85,43.5,43.6,42.25,42.55,42.6,42.65,14303442,61008185435000.0,42930,3024525,21.15,333.18,513.51,28.65,0,0,0,0,0,0,0,0,0,-100,0,0,0,0,0,0,0,0,0,0,0,0,0,0,0,0,0,0,-100,0,0,0,0,0,0,0,0,0,-100,0,0,0,0,0,0,0,0,0,0,0,0,0,0,0,0,0,0,0,0,0,0
2021-12-09,GMRINFRA,EQ,42.6,42.85,44.45,42.4,43.95,43.85,43.75,24445119,106956382425000.0,61220,5879821,24.05,399.3,513.51,28.65,0,0,0,0,0,0,0,0,0,0,0,0,0,0,0,0,0,0,0,0,0,0,0,0,0,0,0,0,0,0,0,0,0,0,0,0,0,0,0,0,0,0,0,0,0,0,0,0,0,0,0,0,0,0,0,0,0,0,0,0,0
2021-12-10,GMRINFRA,EQ,43.85,43.85,44.65,43.55,44.0,43.85,44.04,18156668,79968345325000.0,53308,3926293,21.62,340.6,513.51,28.65,0,0,0,0,0,0,0,0,0,0,0,0,0,0,0,100,0,0,0,0,0,0,0,0,0,0,0,100,0,0,0,0,0,0,0,0,0,100,0,0,0,0,0,0,0,0,100,0,0,0,0,100,0,0,0,0,0,0,0,0,0
2021-12-13,GMRINFRA,EQ,43.85,44.2,44.35,42.8,43.0,43.05,43.54,13474318,58664931665000.0,43667,3270832,24.27,308.57,513.51,28.65,0,0,0,0,0,0,0,0,0,-100,0,0,0,0,0,0,0,0,-100,0,0,0,0,0,0,0,0,0,0,0,0,0,0,0,0,0,0,0,-100,0,0,0,0,0,0,0,0,0,0,0,0,0,0,0,0,0,0,0,0,0,0
2021-12-14,GMRINFRA,EQ,43.05,42.95,43.45,41.75,43.05,43.15,42.55,17681931,75241653365000.0,55101,1964813,11.11,320.9,513.51,28.65,0,0,0,0,0,0,0,0,0,0,0,0,0,0,0,0,0,0,0,0,0,0,0,0,0,0,0,0,0,0,0,0,0,0,0,0,0,0,0,0,0,0,0,0,0,0,0,0,0,0,0,100,0,0,0,0,0,0,0,0,0
2021-12-15,GMRINFRA,EQ,43.15,43.2,43.5,42.1,42.15,42.2,42.77,8686470,37149496500000.0,37845,1422531,16.38,229.53,513.51,28.65,0,0,0,0,0,0,0,0,0,0,0,-100,0,0,0,0,0,0,-100,0,0,0,0,0,0,0,0,0,0,0,0,0,0,0,0,0,0,0,-100,0,0,0,0,0,0,0,0,0,0,0,0,0,0,0,0,0,0,0,0,0,0
2021-12-16,GMRINFRA,EQ,42.2,42.4,42.95,42.0,42.95,42.7,42.38,8601697,36457851975000.0,45290,1985762,23.09,189.92,513.51,28.65,0,0,0,0,0,0,0,0,0,0,0,0,0,0,0,0,0,0,0,0,0,0,0,0,0,100,0,0,0,0,0,0,0,0,0,0,0,0,0,0,0,0,0,0,0,0,0,0,0,0,0,0,0,0,0,0,0,0,0,0,0
2021-12-17,GMRINFRA,EQ,42.7,42.65,42.65,41.25,41.45,41.45,41.8,16747306,70009332600000.0,46875,5349291,31.94,357.28,513.51,28.65,0,0,0,0,0,0,0,0,0,-100,0,0,0,0,0,0,0,0,0,0,0,0,0,0,0,0,0,0,0,0,0,0,0,0,0,0,0,0,-100,0,0,0,0,0,0,0,0,0,0,0,0,0,0,0,0,0,0,0,0,0,0
2021-12-20,GMRINFRA,EQ,41.45,40.85,41.0,38.55,39.65,39.7,39.61,14192679,56214514600000.0,47147,2773331,19.54,301.03,513.51,28.65,0,0,0,0,0,0,0,0,0,0,0,0,0,0,0,0,0,0,0,0,0,0,0,0,0,0,0,0,0,0,0,0,0,0,0,0,0,0,0,0,0,0,0,0,0,0,0,0,0,0,0,0,0,0,0,0,0,0,0,0,0
2021-12-21,GMRINFRA,EQ,39.7,39.95,40.85,39.65,39.95,39.85,40.2,11810471,47473267610000.0,44149,2148097,18.19,267.51,513.51,28.65,0,0,0,0,0,0,0,0,0,0,0,0,0,0,0,100,0,0,0,0,0,0,0,0,0,100,100,0,0,0,100,0,0,0,0,0,0,100,0,0,0,0,0,0,0,0,100,0,0,0,0,-100,0,0,0,0,0,0,0,0,0
2021-12-22,GMRINFRA,EQ,39.85,40.3,43.1,40.25,42.85,42.85,42.32,25202597,106651107290000.0,66635,4620472,18.33,378.22,513.51,28.65,0,0,100,0,0,0,0,0,0,100,0,0,0,0,0,0,0,0,0,0,0,0,0,0,0,0,0,0,-100,0,0,0,0,0,0,0,0,0,100,0,0,0,0,0,0,0,0,0,0,0,0,0,0,0,0,0,0,0,0,0,0
2021-12-23,GMRINFRA,EQ,42.85,43.9,43.9,42.4,42.6,42.6,43.04,34867681,150066148775000.0,60961,13761282,39.47,571.97,513.51,28.65,0,0,0,0,0,0,0,0,0,-100,0,0,0,0,0,0,0,0,0,0,0,0,0,0,0,0,0,0,0,0,0,0,0,0,0,0,0,0,-100,0,0,0,0,0,0,0,0,0,0,0,0,0,0,0,0,0,0,0,0,0,0
2021-12-24,GMRINFRA,EQ,42.6,42.9,43.0,42.15,42.65,42.65,42.63,22562103,96185929440000.0,47300,12082295,53.55,477.0,513.51,28.65,0,0,0,0,0,0,0,0,0,0,0,0,0,0,0,0,0,0,0,0,0,0,0,100,0,100,0,0,0,0,100,0,0,0,0,0,0,0,0,0,100,0,0,0,0,0,0,0,0,0,0,0,0,0,0,0,0,0,0,0,0
2021-12-27,GMRINFRA,EQ,42.65,42.65,48.5,42.35,46.0,46.15,45.73,102895796,470549726575000.0,151458,24681355,23.99,679.37,513.51,28.65,0,0,100,0,0,0,0,0,0,0,0,0,0,0,0,0,0,0,0,0,0,0,0,0,0,0,0,0,0,0,0,0,0,0,0,0,0,0,0,0,0,0,0,0,0,0,0,0,0,0,0,0,0,0,0,0,0,0,0,0,0
2021-12-28,GMRINFRA,EQ,46.15,46.25,47.25,45.65,46.45,46.35,46.36,44662750,207055173455000.0,86588,14155253,31.69,515.81,513.51,28.65,0,0,0,0,0,0,0,0,0,0,0,0,0,0,0,100,-100,0,0,0,0,0,0,0,0,0,0,100,0,0,0,0,0,0,0,0,0,100,0,0,0,0,0,0,0,0,100,0,0,0,0,100,0,0,0,0,0,0,0,0,0
2021-12-29,GMRINFRA,EQ,46.35,46.2,48.15,46.05,46.95,47.15,47.13,44915458,211675251325000.0,82039,11813711,26.3,547.49,513.51,28.65,0,0,0,0,0,0,0,0,0,0,0,0,0,0,0,0,0,0,0,0,0,0,0,0,0,0,0,0,-100,0,0,0,0,0,0,0,0,0,0,0,0,0,0,0,0,0,0,0,0,0,0,0,0,0,0,0,0,0,0,0,0
2021-12-30,GMRINFRA,EQ,47.15,46.85,47.3,46.2,46.8,46.65,46.7,22694166,105985202870000.0,38754,8388979,36.97,585.6,513.51,28.65,0,0,0,0,0,0,0,0,0,0,0,0,0,0,0,100,0,0,0,0,0,0,0,0,0,0,0,-100,0,0,0,0,0,0,0,0,0,100,0,0,0,0,0,0,0,0,100,0,0,0,-100,-100,0,0,0,0,0,0,0,0,0
2021-12-31,GMRINFRA,EQ,46.65,46.9,47.2,45.5,45.9,45.75,46.31,21839553,101135933535000.0,64923,9883479,45.25,336.39,513.51,28.65,0,0,0,0,0,0,0,0,0,0,0,0,0,0,0,0,0,0,0,0,0,0,0,0,0,0,0,0,100,0,0,0,0,0,0,0,0,0,-100,0,0,0,0,0,0,0,0,0,0,0,0,0,0,0,0,0,0,0,0,0,0
2022-01-03,GMRINFRA,EQ,45.75,46.55,48.2,45.5,47.3,47.4,46.82,39048484,182825014000000.0,89006,11892780,30.46,438.72,513.51,28.65,0,0,0,0,0,0,0,0,0,0,0,0,0,0,0,0,0,0,0,0,0,0,0,0,0,0,0,0,200,0,0,0,0,0,0,0,0,0,0,0,0,0,0,0,0,0,0,0,0,0,0,0,0,0,0,0,0,0,0,0,0
2022-01-04,GMRINFRA,EQ,47.4,47.6,48.75,46.3,48.4,48.2,47.66,39925440,190275448680000.0,69265,10823187,27.11,576.42,513.51,28.65,0,0,0,0,0,0,0,0,0,0,0,0,0,0,0,0,0,0,0,0,0,0,0,0,0,0,0,0,0,0,0,0,0,0,0,0,0,0,0,0,0,0,0,0,0,0,0,0,0,0,0,0,0,0,0,0,0,0,0,0,0
2022-01-05,GMRINFRA,EQ,48.2,48.3,49.15,47.0,47.45,47.3,48.16,33613931,161891082965000.0,76448,9319615,27.73,439.7,513.51,28.65,0,0,0,0,0,0,0,0,0,0,0,0,0,0,0,0,0,0,-100,0,0,0,0,0,0,0,0,0,0,0,0,0,0,0,0,0,0,0,0,0,0,0,0,0,0,0,0,0,0,0,0,0,0,0,0,0,0,0,0,0,0
2022-01-06,GMRINFRA,EQ,47.3,47.0,49.1,46.75,48.4,48.3,48.25,42448469,204818129260000.0,57320,16607115,39.12,740.55,513.51,28.65,0,0,0,0,0,0,0,0,0,0,0,0,0,0,0,0,0,0,0,0,0,0,0,0,0,0,0,0,0,0,0,0,0,0,0,0,0,0,0,0,0,0,0,0,0,0,0,0,0,0,0,0,0,0,0,0,0,0,0,0,0
2022-01-07,GMRINFRA,EQ,48.3,48.7,48.8,44.55,45.8,45.8,46.25,131903062,610083557930000.0,123078,54831345,41.57,1071.7,513.51,28.65,0,0,0,0,0,0,0,0,0,-100,0,0,0,0,0,0,0,0,-100,0,0,0,0,0,0,0,0,0,0,0,0,0,0,0,0,0,0,0,0,0,0,0,0,0,0,0,0,0,0,0,0,0,0,0,0,0,0,0,0,0,0
2022-01-10,GMRINFRA,EQ,45.8,46.4,49.05,45.4,48.4,48.45,47.99,116152197,557382144680000.0,114581,47158804,40.6,1013.71,513.51,28.65,0,0,0,0,0,0,0,0,0,0,0,0,0,0,0,0,0,0,0,0,0,0,0,0,0,0,0,0,0,0,0,0,0,0,0,0,0,0,0,0,0,0,0,0,0,0,0,0,0,0,0,0,0,0,0,0,0,0,0,0,0
2022-01-11,GMRINFRA,EQ,48.45,43.75,46.7,43.15,44.75,44.85,45.11,58181562,262454990894999.97,60052,22135145,38.04,968.85,513.51,28.65,0,0,0,0,0,0,0,0,0,0,0,0,0,0,0,0,0,0,0,0,0,0,0,0,0,0,0,0,0,0,0,0,0,0,0,0,0,0,0,0,0,0,0,0,0,0,0,0,0,0,0,0,0,0,0,0,0,0,0,0,0
2022-01-12,GMRINFRA,EQ,44.85,45.0,45.4,43.95,45.0,45.1,44.73,23224952,103874444970000.0,56614,9321061,40.13,410.23,513.51,28.65,0,0,0,0,0,0,0,0,0,0,0,0,0,0,0,100,0,0,0,0,0,0,0,0,0,0,0,100,0,0,0,0,0,0,0,0,0,100,0,0,0,0,0,0,0,0,100,0,0,0,0,100,0,0,0,0,0,0,0,0,0
2022-01-13,GMRINFRA,EQ,45.1,45.1,45.2,44.3,44.7,44.55,44.72,15851805,70889538140000.0,46650,8191205,51.67,339.8,513.51,28.65,0,0,0,0,0,0,0,0,0,0,0,0,0,0,0,0,0,0,0,0,0,0,0,0,0,0,0,0,0,0,0,0,0,0,0,0,0,0,0,0,0,0,0,0,0,0,0,0,0,0,-100,0,0,0,0,0,0,0,0,0,0
2022-01-14,GMRINFRA,EQ,44.55,44.5,45.95,44.25,45.3,45.35,45.27,23324620,105589511410000.0,50715,10102274,43.31,459.92,513.51,28.65,0,0,0,0,0,0,0,0,0,0,0,0,0,0,0,0,0,0,100,0,0,0,0,0,0,0,0,0,0,0,0,0,0,0,0,0,0,0,0,0,0,0,0,0,0,0,0,0,0,0,100,0,0,0,0,0,0,0,0,0,0
2022-01-17,GMRINFRA,EQ,45.35,45.35,46.1,44.6,44.85,44.85,45.07,21995345,99128126770000.0,46950,7822774,35.57,468.48,513.51,28.65,0,0,0,0,0,0,0,0,0,0,0,0,0,0,0,0,0,0,0,0,0,0,0,0,0,0,0,0,0,0,0,0,0,0,0,0,0,0,0,0,0,0,0,0,0,0,0,0,0,0,0,0,0,0,0,0,0,0,0,0,0
2022-01-18,GMRINFRA,EQ,44.85,45.2,45.2,43.1,43.5,43.4,44.4,16301907,72384829010000.0,51073,5328662,32.69,319.19,513.51,28.65,0,0,0,0,0,0,0,0,0,-100,0,0,0,0,0,0,0,0,0,0,0,0,0,0,0,0,0,0,0,0,0,0,0,0,0,0,0,0,-100,0,0,0,0,0,0,0,0,0,0,0,0,0,0,0,0,0,0,0,0,0,0
2022-01-19,GMRINFRA,EQ,43.4,43.5,44.2,42.1,44.0,44.05,43.75,15624047,68357703054999.99,51451,5302023,33.94,303.67,513.51,28.65,0,0,0,0,0,0,0,0,0,0,0,0,0,0,0,0,0,0,0,0,0,0,0,0,0,100,0,0,0,0,0,0,0,0,0,0,0,0,0,0,0,0,0,0,0,0,0,0,0,0,0,0,0,0,0,0,0,0,0,0,0
2022-01-20,GMRINFRA,EQ,44.05,44.0,44.4,43.05,43.35,43.35,43.6,15511799,67627922004999.99,40756,8487326,54.72,380.6,513.51,28.65,0,0,0,0,0,0,0,0,0,0,0,0,0,0,0,0,0,0,0,0,0,0,0,0,0,0,0,0,0,0,0,0,0,0,0,0,0,0,0,0,0,0,0,0,0,0,0,0,0,0,-100,0,0,0,0,0,0,0,0,0,0
2022-01-21,GMRINFRA,EQ,43.35,43.35,43.7,42.0,42.4,42.3,42.86,8765751,37573378150000.0,44176,2493096,28.44,198.43,513.51,28.65,0,0,0,0,0,0,0,0,0,0,0,0,0,0,0,0,0,0,0,0,0,0,0,0,0,0,0,0,0,0,0,0,0,0,0,0,0,0,0,0,0,0,0,0,0,0,0,0,0,0,-100,0,0,0,0,0,0,0,0,0,0
2022-01-24,GMRINFRA,EQ,42.3,42.3,42.75,39.6,39.7,39.95,40.66,11945896,48576879770000.0,50200,3901846,33.61,237.97,513.51,28.65,0,0,0,0,0,0,0,0,0,0,0,0,0,0,0,0,0,0,0,0,0,0,0,0,0,0,0,0,0,0,0,0,0,0,0,0,0,0,-100,0,0,0,0,0,0,0,0,0,0,0,0,0,0,0,0,0,0,0,0,0,0
2022-01-25,GMRINFRA,EQ,39.95,39.75,40.8,39.0,40.35,40.4,40.33,12643024,50992392545000.0,44586,3712640,29.37,283.56,513.51,28.65,0,0,0,0,0,0,0,0,0,0,0,0,0,0,0,0,0,0,0,0,0,0,0,0,0,0,0,0,0,0,0,0,0,0,0,0,0,0,0,0,0,0,0,0,0,0,0,0,0,0,0,0,0,0,0,0,0,0,0,0,0
2022-01-27,GMRINFRA,EQ,40.4,40.3,40.3,39.05,40.05,40.0,39.57,16724976,66176969875000.0,48096,5729816,34.26,347.74,513.51,28.65,0,0,0,0,0,0,0,0,0,0,0,0,0,0,0,0,0,0,0,0,0,0,0,0,0,0,0,0,0,0,0,0,0,0,0,0,0,0,0,0,0,0,0,0,0,0,0,0,0,0,0,0,0,0,0,0,0,0,0,0,0
2022-01-28,GMRINFRA,EQ,40.0,40.25,41.5,40.15,40.65,40.55,40.96,12378345,50699309875000.0,17271,4788238,38.68,716.71,513.51,28.65,0,0,0,0,0,0,0,0,0,0,0,0,0,0,0,0,0,0,0,0,0,0,0,0,0,0,0,0,-100,0,0,0,0,0,0,0,0,0,0,0,0,0,0,0,0,0,0,0,0,0,0,0,0,0,0,0,0,0,0,0,0
2022-01-31,GMRINFRA,EQ,40.55,41.05,42.4,40.8,42.4,42.1,41.81,16348373,68358509965000.0,77612,6123442,37.46,210.64,513.51,28.65,0,0,0,0,0,0,0,0,0,0,0,0,0,0,0,0,0,0,0,0,0,0,0,0,0,0,0,0,0,0,0,0,0,0,0,0,0,0,100,0,0,0,0,0,0,0,0,0,0,0,0,0,0,0,0,0,0,0,0,0,0
2022-02-01,GMRINFRA,EQ,42.1,42.8,43.75,41.7,42.4,42.4,42.65,35041530,149450370315000.0,129606,9946435,28.38,270.37,513.51,28.65,0,0,0,0,0,0,0,0,0,0,0,0,0,0,0,0,0,0,0,0,0,0,0,0,0,0,0,0,0,0,0,0,0,0,0,0,0,0,0,0,0,0,0,0,0,0,0,0,0,0,0,-100,0,0,0,0,0,0,0,0,0
2022-02-02,GMRINFRA,EQ,42.4,42.7,44.2,42.7,43.75,43.8,43.65,29735952,129794077105000.0,113342,12120989,40.76,262.36,513.51,28.65,0,0,0,0,0,0,0,0,0,100,0,0,0,0,0,0,0,0,0,0,0,0,0,0,0,0,0,0,0,0,0,0,0,0,0,0,0,0,100,0,0,0,0,0,0,0,0,0,0,0,0,0,0,0,0,0,0,0,0,0,0
2022-02-03,GMRINFRA,EQ,43.8,43.85,44.5,43.45,43.9,44.15,44.08,18409475,81148611855000.0,75051,7906758,42.95,245.29,513.51,28.65,0,0,0,0,0,0,0,0,0,0,0,0,0,0,0,0,0,0,0,0,0,0,0,0,0,0,0,0,0,0,0,0,0,0,0,0,0,0,0,0,0,0,0,0,0,0,0,0,0,0,100,100,0,0,0,0,0,0,0,0,0
2022-02-04,GMRINFRA,EQ,44.15,44.15,44.15,42.95,43.05,43.15,43.49,12039836,52359044845000.0,57601,4743939,39.4,209.02,513.51,28.65,0,0,0,0,0,0,0,0,0,-100,0,0,0,0,0,0,0,0,0,0,-100,0,0,0,0,0,0,0,0,0,0,0,0,0,0,0,0,0,-100,0,0,0,0,0,0,0,0,0,0,0,0,0,0,0,0,0,0,0,0,0,0
2022-02-07,GMRINFRA,EQ,43.15,43.0,43.2,41.8,42.4,42.4,42.35,12543665,53128460665000.0,62019,3421196,27.27,202.26,513.51,28.65,0,0,0,0,0,0,0,0,0,0,0,0,0,0,0,0,0,0,0,0,0,0,0,0,0,0,0,0,0,0,0,0,0,0,0,0,0,0,0,0,0,0,0,0,0,0,0,0,0,0,0,0,0,0,0,0,0,0,0,0,0
2022-02-08,GMRINFRA,EQ,42.4,42.55,42.85,41.3,42.45,42.6,42.11,20925822,88125145495000.0,81188,6507019,31.1,257.75,513.51,28.65,0,0,0,0,0,0,0,0,0,0,0,0,0,0,0,100,0,0,0,0,0,0,0,0,0,0,0,100,0,0,0,0,0,0,0,0,0,100,0,0,0,0,0,0,0,0,0,0,0,0,0,100,0,0,0,0,0,0,0,0,0
2022-02-09,GMRINFRA,EQ,42.6,43.1,43.75,42.15,43.35,43.15,43.0,19589633,84226834210000.0,74062,6875419,35.1,264.5,513.51,28.65,0,0,0,0,0,0,0,0,0,0,0,0,0,0,0,100,0,0,0,0,0,0,0,0,0,0,0,100,0,0,0,0,0,0,0,0,0,100,0,0,0,0,0,0,0,0,100,0,0,0,0,100,0,0,0,0,0,0,0,0,0
2022-02-10,GMRINFRA,EQ,43.15,44.0,44.0,42.25,42.55,42.55,42.7,22025673,94049591990000.0,89622,5213725,23.67,245.76,513.51,28.65,0,0,0,0,0,0,0,0,0,-100,0,0,0,0,0,0,0,0,-100,0,0,0,0,0,0,0,0,0,0,0,0,0,0,0,0,0,0,0,-100,0,0,0,0,0,0,0,0,0,0,0,0,0,0,0,0,0,0,0,0,0,0
2022-02-11,GMRINFRA,EQ,42.55,42.0,43.15,41.8,42.45,42.35,42.66,14180502,60490786704999.99,54141,3112165,21.95,261.92,513.51,28.65,0,0,0,0,-100,0,0,0,0,0,0,0,0,0,0,0,0,0,0,0,0,0,0,0,0,0,0,0,0,0,0,0,0,0,0,0,0,0,0,0,0,0,0,0,0,0,0,0,0,0,0,0,0,0,0,0,0,0,0,0,0
2022-02-14,GMRINFRA,EQ,42.35,41.1,41.4,39.0,39.15,39.2,39.91,22010298,87851019195000.0,75255,6787796,30.84,292.48,513.51,28.65,0,0,0,0,0,0,0,0,0,0,0,0,0,0,0,0,0,0,0,0,0,0,0,0,0,0,0,0,0,0,0,0,0,0,0,0,0,0,-100,0,0,0,0,0,0,0,0,0,0,0,0,0,0,0,0,0,0,0,0,0,0
2022-02-15,GMRINFRA,EQ,39.2,39.4,41.25,38.95,40.9,41.1,40.02,30187537,120797302270000.0,65806,4466167,14.79,458.74,513.51,28.65,0,0,0,0,0,0,0,0,0,0,0,100,0,0,0,0,0,0,0,0,0,0,0,0,0,0,0,0,0,0,0,0,0,0,0,0,0,0,0,0,0,0,0,0,0,0,0,0,0,0,0,0,0,0,0,0,0,0,0,0,0
2022-02-16,GMRINFRA,EQ,41.1,41.25,41.45,40.5,40.6,40.65,40.97,10503655,43037646870000.0,40266,2227940,21.21,260.86,513.51,28.65,0,0,0,0,0,0,0,0,0,0,0,0,0,0,0,0,0,0,0,0,0,0,0,0,0,0,0,0,0,0,0,0,0,0,0,0,0,0,0,0,0,0,0,0,0,0,0,0,0,0,-100,0,0,0,0,0,0,0,0,0,0
2022-02-17,GMRINFRA,EQ,40.65,40.8,41.1,39.9,40.35,40.35,40.39,25686456,103748246010000.0,47998,3212030,12.5,535.16,513.51,28.65,0,0,0,0,0,0,0,0,0,0,0,0,0,0,0,0,0,0,0,0,0,0,0,0,0,0,0,0,0,0,0,0,0,0,0,0,0,0,0,0,0,0,0,0,0,0,0,0,0,0,0,0,0,0,0,0,0,0,0,0,0
2022-02-18,GMRINFRA,EQ,40.35,40.1,40.8,39.8,39.9,39.95,40.27,8122542,32710874564999.996,12929,2717743,33.46,628.24,513.51,28.65,0,0,0,0,0,0,0,0,0,0,0,0,0,0,0,100,0,0,0,0,0,0,100,0,0,0,0,0,0,0,0,0,0,100,0,0,0,100,0,0,0,0,0,0,0,0,100,0,0,0,0,-100,0,0,0,0,0,0,0,0,0
2022-02-21,GMRINFRA,EQ,39.95,39.8,39.95,38.95,39.1,39.1,39.38,9207101,36255909950000.0,41799,2392006,25.98,220.27,513.51,28.65,0,0,0,0,0,0,0,0,0,0,0,0,0,0,0,0,0,0,0,0,0,0,0,0,0,0,0,0,0,0,0,0,0,0,0,0,0,0,0,0,0,0,0,0,0,0,0,0,0,0,-100,0,0,0,0,0,0,0,0,0,0
2022-02-22,GMRINFRA,EQ,39.1,37.6,38.45,37.4,38.15,38.1,37.93,13105892,49716015165000.0,47300,3259417,24.87,277.08,513.51,28.65,0,0,0,0,0,0,0,0,0,0,0,0,0,0,0,0,0,0,0,0,0,0,0,0,0,0,0,0,0,0,0,0,0,0,0,0,0,0,0,0,0,0,0,0,0,0,0,0,0,0,100,0,0,0,0,0,0,0,0,0,0
2022-02-23,GMRINFRA,EQ,38.1,38.35,39.45,38.25,38.6,38.65,38.98,9393129,36616856235000.0,41952,2790672,29.71,223.9,513.51,28.65,0,0,0,0,0,0,0,0,0,0,0,0,0,0,0,0,0,0,0,0,0,0,0,0,0,0,0,0,0,0,0,0,0,0,0,0,0,0,0,0,0,0,0,0,0,0,0,0,0,-100,0,0,0,0,0,0,0,0,0,0,0
2022-02-24,GMRINFRA,EQ,38.65,37.15,37.5,33.85,34.65,34.5,36.02,18505953,66653889354999.99,59183,5238218,28.31,312.69,513.51,28.65,0,0,0,0,0,0,0,0,0,0,0,0,0,0,0,0,0,0,0,0,0,0,0,0,0,0,0,0,0,0,0,0,0,0,0,0,0,0,0,0,0,0,0,0,0,0,0,0,0,0,0,0,0,0,0,0,0,0,0,0,0
2022-02-25,GMRINFRA,EQ,34.5,35.75,37.8,35.6,37.65,37.5,37.17,31393404,116700717715000.02,56635,13840314,44.09,554.31,513.51,28.65,0,0,0,0,0,0,0,0,0,100,0,0,0,0,0,0,0,0,0,0,0,0,0,0,0,0,0,0,0,0,0,0,0,0,0,0,0,0,100,0,0,0,0,0,0,0,0,0,0,0,0,0,0,0,0,0,0,0,0,0,0
2022-02-28,GMRINFRA,EQ,37.5,36.8,38.2,36.2,38.05,37.9,37.59,13214229,49672217440000.0,43178,3534121,26.74,306.04,513.51,28.65,0,0,0,0,0,0,0,0,0,0,0,0,0,0,0,0,0,0,0,0,0,0,0,0,0,0,0,0,0,0,0,0,0,0,0,0,0,0,0,0,0,0,0,0,0,0,0,0,0,0,0,0,0,0,0,0,0,0,0,0,0
2022-03-02,GMRINFRA,EQ,37.9,37.8,38.35,36.95,38.25,38.05,37.94,9916970,37622634840000.0,37927,2559123,25.81,261.48,513.51,28.65,0,0,0,0,0,0,0,0,-100,0,0,0,0,0,0,0,0,0,0,0,0,0,0,0,0,0,0,0,0,0,0,0,0,0,0,0,0,0,0,0,0,0,0,0,0,0,0,0,0,0,0,100,0,0,0,0,0,0,0,0,0
2022-03-03,GMRINFRA,EQ,38.05,38.6,38.95,37.95,38.4,38.4,38.42,10886063,41823415785000.0,38666,2577546,23.68,281.54,513.51,28.65,0,0,0,0,0,0,0,0,0,0,0,0,0,0,0,0,0,0,0,0,0,0,0,0,0,0,0,0,0,0,0,0,0,0,0,0,0,0,0,0,0,0,0,0,0,0,0,0,0,0,0,-100,0,0,0,0,0,0,0,0,0
2022-03-04,GMRINFRA,EQ,38.4,38.0,38.15,37.0,37.25,37.3,37.58,7970558,29953480255000.0,39600,1629869,20.45,201.28,513.51,28.65,0,0,0,0,0,0,0,0,0,0,0,0,0,0,0,0,0,0,0,0,0,0,0,0,0,0,0,0,0,0,0,0,0,0,0,0,0,0,0,0,0,0,0,0,0,0,0,0,0,0,-100,0,0,0,0,0,0,0,0,0,0
2022-03-07,GMRINFRA,EQ,37.3,36.95,36.95,35.7,36.8,36.4,36.25,7584430,27496029085000.004,31083,2400426,31.65,244.01,513.51,28.65,0,0,0,0,0,0,0,0,0,0,0,0,0,0,0,0,0,0,0,0,0,0,0,100,0,0,0,0,0,0,0,0,0,0,0,0,0,0,0,0,0,0,0,0,0,0,0,0,0,0,0,0,0,0,0,0,0,0,0,0,0
2022-03-08,GMRINFRA,EQ,36.4,36.6,38.0,36.6,37.6,37.8,37.42,12066703,45154614620000.0,50545,1835891,15.21,238.73,513.51,28.65,0,0,0,0,0,0,0,0,0,100,0,0,0,0,0,0,0,0,0,0,0,0,0,0,0,0,0,0,0,0,0,0,0,0,0,0,0,0,100,0,0,0,0,0,0,0,0,0,0,0,0,0,0,0,0,0,0,0,0,0,-100
2022-03-09,GMRINFRA,EQ,37.8,38.1,39.95,38.0,39.6,39.65,38.98,16570605,64593579685000.0,44168,4242016,25.6,375.17,513.51,28.65,0,0,0,0,0,0,0,0,0,100,0,0,0,0,0,0,0,0,0,0,0,0,0,0,0,0,0,0,0,0,0,0,0,0,0,0,0,0,100,0,0,0,0,0,0,0,0,0,0,0,0,0,0,0,0,0,0,0,0,0,0
2022-03-10,GMRINFRA,EQ,39.65,40.85,40.85,38.9,39.1,39.2,39.59,15544953,61548490750000.0,54520,5205495,33.49,285.12,513.51,28.65,0,0,0,0,0,0,0,0,0,-100,0,0,0,0,0,0,0,0,0,0,0,0,0,0,0,0,0,0,0,0,0,0,0,0,0,0,0,0,-100,0,0,0,0,0,0,0,0,0,0,0,0,0,0,0,0,0,0,0,0,0,0
2022-03-11,GMRINFRA,EQ,39.2,39.0,39.6,38.7,39.35,39.35,39.2,35053659,137397395020000.0,45096,26202768,74.75,777.31,513.51,28.65,0,0,0,0,0,0,0,0,0,0,0,0,0,0,0,0,0,0,0,0,0,0,0,0,0,0,0,0,0,0,0,0,0,0,0,0,0,0,0,0,0,0,0,0,0,0,0,0,0,0,100,0,0,0,0,0,0,0,0,0,0
2022-03-14,GMRINFRA,EQ,39.35,39.3,39.5,38.15,38.75,38.75,38.78,14545197,56409217945000.01,43229,5692532,39.14,336.47,513.51,28.65,0,0,0,0,0,0,0,0,0,0,0,0,0,0,0,0,0,0,0,0,0,0,0,0,0,0,0,0,0,0,0,0,0,0,0,0,0,0,0,0,0,0,0,0,0,0,0,0,0,0,0,0,0,0,0,0,0,0,0,0,0
2022-03-15,GMRINFRA,EQ,38.75,38.9,39.05,37.4,37.45,37.6,38.11,9946649,37909324950000.0,40863,2461001,24.74,243.41,513.51,28.65,0,0,0,0,0,0,0,0,0,0,0,0,0,0,0,0,0,0,0,0,0,0,0,0,0,0,0,0,0,0,0,0,0,0,0,0,0,0,-100,0,0,0,0,0,0,0,0,0,0,0,0,0,0,0,0,0,0,0,0,0,0
2022-03-16,GMRINFRA,EQ,37.6,38.15,38.65,38.0,38.5,38.5,38.48,19650499,75620967970000.0,37067,14724220,74.93,530.13,513.51,28.65,0,0,0,0,0,0,0,0,0,0,0,0,0,0,0,0,0,0,0,0,0,0,0,0,0,100,0,0,0,0,0,0,0,0,0,0,0,0,0,0,0,0,0,0,0,0,0,0,0,0,100,0,0,0,0,0,0,0,0,0,0
2022-03-17,GMRINFRA,EQ,38.5,39.25,39.25,38.0,38.15,38.15,38.36,35106874,134684669095000.0,49561,26180175,74.57,708.36,513.51,28.65,0,0,0,0,0,0,0,0,0,-100,0,0,0,0,0,0,0,0,0,0,0,0,0,0,0,0,0,0,0,0,0,0,0,0,0,0,0,0,-100,0,0,0,0,0,0,0,0,0,0,0,0,0,0,0,0,0,0,0,0,0,0
2022-03-21,GMRINFRA,EQ,38.15,38.4,38.4,37.3,37.5,37.4,37.63,12932689,48669828115000.0,44668,8111755,62.72,289.53,513.51,28.65,0,0,0,0,0,0,0,0,0,-100,0,-100,0,0,0,0,0,0,0,0,0,0,0,0,0,0,0,0,0,0,0,0,0,0,0,0,0,0,-100,-100,0,0,0,0,0,0,0,0,0,0,0,0,0,0,0,0,0,0,0,0,0
2022-03-22,GMRINFRA,EQ,37.4,37.5,38.15,36.75,38.1,38.05,37.65,16687586,62827674695000.01,45919,8605108,51.57,363.41,513.51,28.65,0,0,0,0,0,0,0,0,0,0,0,0,0,0,0,0,0,0,0,0,0,0,0,100,0,100,0,0,0,0,0,0,0,0,0,0,0,0,0,0,0,0,0,0,0,0,0,0,0,0,0,0,0,0,0,0,0,0,0,0,0
2022-03-23,GMRINFRA,EQ,38.05,38.3,38.45,37.05,37.15,37.2,37.61,17675444,66478074375000.0,42157,9224020,52.19,419.28,513.51,28.65,0,0,0,0,0,0,0,0,0,0,0,0,0,0,0,0,0,0,-100,0,0,0,0,0,0,0,0,0,0,0,0,0,0,0,0,0,0,0,-100,0,0,0,0,0,0,0,0,0,0,0,0,0,0,0,0,0,0,0,0,0,0
2022-03-24,GMRINFRA,EQ,37.2,37.1,37.2,36.75,36.8,36.85,36.88,12203143,45011076500000.0,41432,8424363,69.03,294.53,513.51,28.65,0,0,0,0,-100,0,0,0,0,0,0,0,0,0,0,0,0,0,0,0,0,0,0,0,0,0,0,0,0,0,0,0,0,0,0,0,0,0,0,0,0,0,0,0,0,0,0,0,0,0,-100,0,0,0,0,0,0,0,0,0,0
2022-03-25,GMRINFRA,EQ,36.85,37.0,37.25,36.45,36.65,36.7,36.96,17302323,63953003310000.0,42693,11526278,66.62,405.27,513.51,28.65,0,0,0,0,0,0,0,0,0,0,0,0,0,0,0,0,0,0,0,0,0,0,0,0,0,0,0,0,0,0,0,0,0,0,0,0,0,0,0,0,0,0,0,0,0,0,0,0,0,0,0,0,0,0,0,0,0,0,0,0,0
2022-03-28,GMRINFRA,EQ,36.7,36.7,36.8,35.7,35.85,35.9,35.99,36688989,132042507850000.0,41079,27636662,75.33,893.13,513.51,28.65,0,0,0,0,0,0,0,0,0,-100,0,0,0,0,0,0,0,0,0,0,0,0,0,0,0,0,0,0,0,0,0,0,0,0,0,0,0,0,-100,0,0,0,0,0,0,0,0,0,0,0,0,0,0,0,0,0,0,0,0,0,0
