<bbgame source="STAT CREW Basketball" version="1.1.3" generated="2/10/2010">
  <venue gameid="AU0210"
           visid="UGA" visname="Georgia"
           homeid="AU" homename="Auburn"
           date="2/10/2010" location="Auburn, Ala."
           time="8:00 p.m." attend="5552" schednote=""
           leaguegame="Y" neutralgame="N" postseason="N">
    <officials text="Mike Stuart, J.B. Caldwell, Patrick Evans"></officials>
    <notes>
      <note text="*Auburn's Lucas Hargrove 6th double-double of season with a season-hi"></note>
      <note text=" 24 points &amp; 11 rebounds."></note>
      <note text="*The Auburn-Georgia series is now tied 87-87."></note>
      <note text="*Georgia's Travis Leslie 19 points &amp; a career-hi 17 rebounds."></note>
    </notes>
    <rules prds="2" minutes="20" minutesot="5" fouls="5" qh="H"></rules>
  </venue>
  <status complete="Y" period="2" clock="00:00" running="F"></status>
  <team vh="V" id="UGA" name="Georgia" code="257" record="10-12, 2-7">
    <linescore line="36,27" score="63">
      <lineprd prd="1" score="36"></lineprd>
      <lineprd prd="2" score="27"></lineprd>
    </linescore>
    <totals>
      <stats fgm="19" fga="52" fgm3="5" fga3="16" ftm="20" fta="25" tp="63" blk="4" stl="4" ast="9" min="200" oreb="12" dreb="24" treb="36" pf="21" tf="0" to="19" deadball="1,0"></stats>
      <special vh="V" pts_to="9" pts_ch2="15" pts_paint="18" pts_fastb="0" pts_bench="18" ties="0" leads="0"
               poss_count="74" poss_time="1167" score_count="29" score_time="498"></special>
    </totals>
    <player uni="33" code="33" name="Thompkins, Trey" checkname="THOMPKINS,TREY" gp="1" gs="1" pos="f">
      <stats fgm="3" fga="4" fgm3="0" fga3="0" ftm="0" fta="0" tp="6" blk="0" stl="0" ast="1" min="13" oreb="1" dreb="3" treb="4" pf="5" tf="0" to="6" dq="1"></stats>
      <statsbyprd prd="1" fgm="2" fga="3" fgm3="0" fga3="0" ftm="0" fta="0" tp="4" blk="0" stl="0" ast="0" min="7" oreb="0" dreb="0" treb="3" pf="2" tf="0" to="4" dq="0"></statsbyprd>
      <statsbyprd prd="2" fgm="1" fga="1" fgm3="0" fga3="0" ftm="0" fta="0" tp="2" blk="0" stl="0" ast="1" min="6" oreb="1" dreb="3" treb="4" pf="3" tf="0" to="2" dq="0"></statsbyprd>
    </player>
    <player uni="01" code="01" name="Leslie, Travis" checkname="LESLIE,TRAVIS" gp="1" gs="1" pos="f">
      <stats fgm="6" fga="15" fgm3="0" fga3="1" ftm="7" fta="11" tp="19" blk="0" stl="1" ast="1" min="30" oreb="7" dreb="10" treb="17" pf="3" tf="0" to="3" dq="0"></stats>
      <statsbyprd prd="1" fgm="4" fga="8" fgm3="0" fga3="0" ftm="3" fta="4" tp="11" blk="0" stl="0" ast="1" min="13" oreb="5" dreb="5" treb="15" pf="1" tf="0" to="1" dq="0"></statsbyprd>
      <statsbyprd prd="2" fgm="2" fga="7" fgm3="0" fga3="1" ftm="4" fta="7" tp="8" blk="0" stl="1" ast="0" min="17" oreb="2" dreb="5" treb="12" pf="2" tf="0" to="2" dq="0"></statsbyprd>
    </player>
    <player uni="10" code="10" name="McPhee, Ricky" checkname="MCPHEE,RICKY" gp="1" gs="1" pos="g">
      <stats fgm="2" fga="11" fgm3="2" fga3="9" ftm="2" fta="2" tp="8" blk="0" stl="1" ast="1" min="34" oreb="0" dreb="3" treb="3" pf="2" tf="0" to="5" dq="0"></stats>
      <statsbyprd prd="1" fgm="2" fga="6" fgm3="2" fga3="6" ftm="2" fta="2" tp="8" blk="0" stl="0" ast="0" min="19" oreb="0" dreb="3" treb="3" pf="0" tf="0" to="1" dq="0"></statsbyprd>
      <statsbyprd prd="2" fgm="0" fga="5" fgm3="0" fga3="3" ftm="0" fta="0" tp="0" blk="0" stl="1" ast="1" min="15" oreb="0" dreb="0" treb="3" pf="2" tf="0" to="4" dq="0"></statsbyprd>
    </player>
    <player uni="11" code="11" name="Williams, Vincent" checkname="WILLIAMS,VINCENT" gp="1" oncourt="Y">
      <stats fgm="1" fga="6" fgm3="1" fga3="2" ftm="0" fta="0" tp="3" blk="0" stl="0" ast="2" min="13" oreb="0" dreb="0" treb="0" pf="2" tf="0" to="1" dq="0"></stats>
      <statsbyprd prd="1" fgm="0" fga="3" fgm3="0" fga3="1" ftm="0" fta="0" tp="0" blk="0" stl="0" ast="2" min="5" oreb="0" dreb="0" treb="0" pf="1" tf="0" to="1" dq="0"></statsbyprd>
      <statsbyprd prd="2" fgm="1" fga="3" fgm3="1" fga3="1" ftm="0" fta="0" tp="3" blk="0" stl="0" ast="0" min="8" oreb="0" dreb="0" treb="0" pf="1" tf="0" to="0" dq="0"></statsbyprd>
    </player>
    <player uni="34" code="34" name="Jackson, Albert" checkname="JACKSON,ALBERT" gp="1" gs="1" pos="c">
      <stats fgm="1" fga="1" fgm3="0" fga3="0" ftm="0" fta="0" tp="2" blk="1" stl="0" ast="0" min="20" oreb="0" dreb="0" treb="0" pf="2" tf="0" to="2" dq="0"></stats>
      <statsbyprd prd="1" fgm="0" fga="0" fgm3="0" fga3="0" ftm="0" fta="0" tp="0" blk="1" stl="0" ast="0" min="13" oreb="0" dreb="0" treb="0" pf="1" tf="0" to="0" dq="0"></statsbyprd>
      <statsbyprd prd="2" fgm="1" fga="1" fgm3="0" fga3="0" ftm="0" fta="0" tp="2" blk="0" stl="0" ast="0" min="7" oreb="0" dreb="0" treb="0" pf="1" tf="0" to="2" dq="0"></statsbyprd>
    </player>
    <player uni="05" code="05" name="Anyaorah, Ebuka" checkname="ANYAORAH,EBUKA" gp="1" oncourt="Y">
      <stats fgm="0" fga="2" fgm3="0" fga3="0" ftm="6" fta="6" tp="6" blk="1" stl="1" ast="0" min="19" oreb="1" dreb="3" treb="4" pf="2" tf="0" to="0" dq="0"></stats>
      <statsbyprd prd="1" fgm="0" fga="1" fgm3="0" fga3="0" ftm="2" fta="2" tp="2" blk="0" stl="0" ast="0" min="7" oreb="1" dreb="2" treb="4" pf="1" tf="0" to="0" dq="0"></statsbyprd>
      <statsbyprd prd="2" fgm="0" fga="1" fgm3="0" fga3="0" ftm="4" fta="4" tp="4" blk="1" stl="1" ast="0" min="12" oreb="0" dreb="1" treb="3" pf="1" tf="0" to="0" dq="0"></statsbyprd>
    </player>
    <player uni="50" code="50" name="Price, Jeremy" checkname="PRICE,JEREMY" gp="1">
      <stats fgm="2" fga="2" fgm3="0" fga3="0" ftm="3" fta="4" tp="7" blk="1" stl="0" ast="1" min="18" oreb="1" dreb="2" treb="3" pf="1" tf="0" to="1" dq="0"></stats>
      <statsbyprd prd="1" fgm="1" fga="1" fgm3="0" fga3="0" ftm="1" fta="2" tp="3" blk="1" stl="0" ast="0" min="7" oreb="0" dreb="0" treb="2" pf="1" tf="0" to="1" dq="0"></statsbyprd>
      <statsbyprd prd="2" fgm="1" fga="1" fgm3="0" fga3="0" ftm="2" fta="2" tp="4" blk="0" stl="0" ast="1" min="11" oreb="1" dreb="2" treb="3" pf="0" tf="0" to="0" dq="0"></statsbyprd>
    </player>
    <player uni="41" code="41" name="Zlovaric, Drazen" checkname="ZLOVARIC,DRAZEN" gp="1" oncourt="Y">
      <stats fgm="0" fga="0" fgm3="0" fga3="0" ftm="0" fta="0" tp="0" blk="0" stl="0" ast="1" min="9" oreb="0" dreb="0" treb="0" pf="1" tf="0" to="1" dq="0"></stats>
      <statsbyprd prd="1" fgm="0" fga="0" fgm3="0" fga3="0" ftm="0" fta="0" tp="0" blk="0" stl="0" ast="1" min="5" oreb="0" dreb="0" treb="0" pf="1" tf="0" to="0" dq="0"></statsbyprd>
      <statsbyprd prd="2" fgm="0" fga="0" fgm3="0" fga3="0" ftm="0" fta="0" tp="0" blk="0" stl="0" ast="0" min="4" oreb="0" dreb="0" treb="0" pf="0" tf="0" to="1" dq="0"></statsbyprd>
    </player>
    <player uni="02" code="02" name="Mayfield, Demario" checkname="MAYFIELD,DEMARIO" gp="1">
      <stats fgm="0" fga="0" fgm3="0" fga3="0" ftm="0" fta="0" tp="0" blk="0" stl="0" ast="0" min="2" oreb="0" dreb="0" treb="0" pf="1" tf="0" to="0" dq="0"></stats>
      <statsbyprd prd="1" fgm="0" fga="0" fgm3="0" fga3="0" ftm="0" fta="0" tp="0" blk="0" stl="0" ast="0" min="2" oreb="0" dreb="0" treb="0" pf="1" tf="0" to="0" dq="0"></statsbyprd>
      <statsbyprd prd="2" fgm="0" fga="0" fgm3="0" fga3="0" ftm="0" fta="0" tp="0" blk="0" stl="0" ast="0" min="0" oreb="0" dreb="0" treb="0" pf="0" tf="0" to="0" dq="0"></statsbyprd>
    </player>
    <player uni="04" code="04" name="Barnes, Chris" checkname="BARNES,CHRIS" gp="1">
      <stats fgm="0" fga="3" fgm3="0" fga3="0" ftm="2" fta="2" tp="2" blk="1" stl="0" ast="0" min="11" oreb="1" dreb="2" treb="3" pf="1" tf="0" to="0" dq="0"></stats>
      <statsbyprd prd="1" fgm="0" fga="2" fgm3="0" fga3="0" ftm="2" fta="2" tp="2" blk="1" stl="0" ast="0" min="8" oreb="0" dreb="2" treb="2" pf="1" tf="0" to="0" dq="0"></statsbyprd>
      <statsbyprd prd="2" fgm="0" fga="1" fgm3="0" fga3="0" ftm="0" fta="0" tp="0" blk="0" stl="0" ast="0" min="3" oreb="1" dreb="0" treb="3" pf="0" tf="0" to="0" dq="0"></statsbyprd>
    </player>
    <player uni="03" code="03" name="Ware, Dustin" checkname="WARE,DUSTIN" gp="1" gs="1" pos="g" oncourt="Y">
      <stats fgm="4" fga="8" fgm3="2" fga3="4" ftm="0" fta="0" tp="10" blk="0" stl="1" ast="2" min="30" oreb="1" dreb="0" treb="1" pf="1" tf="0" to="0" dq="0"></stats>
      <statsbyprd prd="1" fgm="2" fga="4" fgm3="2" fga3="2" ftm="0" fta="0" tp="6" blk="0" stl="1" ast="0" min="14" oreb="1" dreb="0" treb="1" pf="1" tf="0" to="0" dq="0"></statsbyprd>
      <statsbyprd prd="2" fgm="2" fga="4" fgm3="0" fga3="2" ftm="0" fta="0" tp="4" blk="0" stl="0" ast="2" min="16" oreb="0" dreb="0" treb="0" pf="0" tf="0" to="0" dq="0"></statsbyprd>
    </player>
    <player uni="TM" code="TM" name="TEAM" checkname="TEAM" gp="1">
      <stats oreb="0" dreb="1" treb="1" pf="0" tf="0" to="0" dq="0"></stats>
      <statsbyprd prd="1" oreb="0" dreb="1" treb="1" pf="0" tf="0" to="0" dq="0"></statsbyprd>
      <statsbyprd prd="2" oreb="0" dreb="0" treb="1" pf="0" tf="0" to="0" dq="0"></statsbyprd>
    </player>
    <player uni="25" code="25" name="Whatley, Tyler" checkname="WHATLEY,TYLER" gp="1" oncourt="Y">
      <stats fgm="0" fga="0" fgm3="0" fga3="0" ftm="0" fta="0" tp="0" blk="0" stl="0" ast="0" min="1" oreb="0" dreb="0" treb="0" pf="0" tf="0" to="0" dq="0"></stats>
      <statsbyprd prd="1" fgm="0" fga="0" fgm3="0" fga3="0" ftm="0" fta="0" tp="0" blk="0" stl="0" ast="0" min="0" oreb="0" dreb="0" treb="0" pf="0" tf="0" to="0" dq="0"></statsbyprd>
      <statsbyprd prd="2" fgm="0" fga="0" fgm3="0" fga3="0" ftm="0" fta="0" tp="0" blk="0" stl="0" ast="0" min="1" oreb="0" dreb="0" treb="0" pf="0" tf="0" to="0" dq="0"></statsbyprd>
    </player>
    <player uni="12" code="12" name="Bucklin, Matt" checkname="BUCKLIN,MATT" gp="0"></player>
  </team>
  <team vh="H" id="AU" name="Auburn" code="37" record="12-12, 3-6">
    <linescore line="45,37" score="82">
      <lineprd prd="1" score="45"></lineprd>
      <lineprd prd="2" score="37"></lineprd>
    </linescore>
    <totals>
      <stats fgm="28" fga="64" fgm3="8" fga3="27" ftm="18" fta="26" tp="82" blk="2" stl="9" ast="12" min="200" oreb="16" dreb="23" treb="39" pf="22" tf="1" to="11" deadball="4,2"></stats>
      <special vh="H" pts_to="17" pts_ch2="19" pts_paint="32" pts_fastb="2" pts_bench="17" ties="0" leads="0"
               poss_count="73" poss_time="1233" score_count="36" score_time="650" large_lead="19" large_lead_t="2nd-06:11"></special>
    </totals>
    <player uni="20" code="20" name="Sullivan, Frankie" checkname="SULLIVAN,FRANKIE" gp="1" gs="1" pos="g">
      <stats fgm="3" fga="10" fgm3="3" fga3="6" ftm="2" fta="2" tp="11" blk="1" stl="3" ast="0" min="31" oreb="1" dreb="1" treb="2" pf="4" tf="0" to="2" dq="0"></stats>
      <statsbyprd prd="1" fgm="0" fga="5" fgm3="0" fga3="2" ftm="0" fta="0" tp="0" blk="1" stl="0" ast="0" min="16" oreb="1" dreb="1" treb="2" pf="1" tf="0" to="0" dq="0"></statsbyprd>
      <statsbyprd prd="2" fgm="3" fga="5" fgm3="3" fga3="4" ftm="2" fta="2" tp="11" blk="0" stl="3" ast="0" min="15" oreb="0" dreb="0" treb="1" pf="3" tf="0" to="2" dq="0"></statsbyprd>
    </player>
    <player uni="30" code="30" name="Knox, Brendon" checkname="KNOX,BRENDON" gp="1">
      <stats fgm="3" fga="5" fgm3="0" fga3="0" ftm="3" fta="6" tp="9" blk="1" stl="0" ast="0" min="22" oreb="2" dreb="1" treb="3" pf="3" tf="0" to="3" dq="0"></stats>
      <statsbyprd prd="1" fgm="3" fga="5" fgm3="0" fga3="0" ftm="2" fta="4" tp="8" blk="1" stl="0" ast="0" min="13" oreb="1" dreb="1" treb="2" pf="1" tf="0" to="0" dq="0"></statsbyprd>
      <statsbyprd prd="2" fgm="0" fga="0" fgm3="0" fga3="0" ftm="1" fta="2" tp="1" blk="0" stl="0" ast="0" min="9" oreb="1" dreb="0" treb="2" pf="2" tf="0" to="3" dq="0"></statsbyprd>
    </player>
    <player uni="34" code="34" name="Lett, Johnnie" checkname="LETT,JOHNNIE" gp="1" gs="1" pos="f">
      <stats fgm="1" fga="1" fgm3="0" fga3="0" ftm="0" fta="0" tp="2" blk="0" stl="1" ast="1" min="13" oreb="1" dreb="2" treb="3" pf="3" tf="0" to="0" dq="0"></stats>
      <statsbyprd prd="1" fgm="0" fga="0" fgm3="0" fga3="0" ftm="0" fta="0" tp="0" blk="0" stl="1" ast="1" min="5" oreb="1" dreb="1" treb="3" pf="2" tf="0" to="0" dq="0"></statsbyprd>
      <statsbyprd prd="2" fgm="1" fga="1" fgm3="0" fga3="0" ftm="0" fta="0" tp="2" blk="0" stl="0" ast="0" min="8" oreb="0" dreb="1" treb="2" pf="1" tf="0" to="0" dq="0"></statsbyprd>
    </player>
    <player uni="04" code="04" name="Hargrove, Lucas" checkname="HARGROVE,LUCAS" gp="1" gs="1" pos="f">
      <stats fgm="8" fga="14" fgm3="3" fga3="6" ftm="5" fta="10" tp="24" blk="0" stl="1" ast="3" min="35" oreb="4" dreb="7" treb="11" pf="3" tf="0" to="2" dq="0"></stats>
      <statsbyprd prd="1" fgm="4" fga="8" fgm3="3" fga3="5" ftm="5" fta="8" tp="16" blk="0" stl="1" ast="2" min="17" oreb="2" dreb="5" treb="9" pf="1" tf="0" to="0" dq="0"></statsbyprd>
      <statsbyprd prd="2" fgm="4" fga="6" fgm3="0" fga3="1" ftm="0" fta="2" tp="8" blk="0" stl="0" ast="1" min="18" oreb="2" dreb="2" treb="9" pf="2" tf="0" to="2" dq="0"></statsbyprd>
    </player>
    <player uni="12" code="12" name="Reed, DeWayne" checkname="REED,DEWAYNE" gp="1" gs="1" pos="g">
      <stats fgm="4" fga="9" fgm3="1" fga3="4" ftm="3" fta="3" tp="12" blk="0" stl="0" ast="3" min="26" oreb="0" dreb="2" treb="2" pf="2" tf="1" to="2" dq="0"></stats>
      <statsbyprd prd="1" fgm="2" fga="4" fgm3="1" fga3="2" ftm="3" fta="3" tp="8" blk="0" stl="0" ast="1" min="15" oreb="0" dreb="2" treb="2" pf="1" tf="0" to="2" dq="0"></statsbyprd>
      <statsbyprd prd="2" fgm="2" fga="5" fgm3="0" fga3="2" ftm="0" fta="0" tp="4" blk="0" stl="0" ast="2" min="11" oreb="0" dreb="0" treb="2" pf="1" tf="1" to="0" dq="0"></statsbyprd>
    </player>
    <player uni="01" code="01" name="Malone, Andre" checkname="MALONE,ANDRE" gp="1" oncourt="Y">
      <stats fgm="1" fga="5" fgm3="0" fga3="2" ftm="0" fta="0" tp="2" blk="0" stl="1" ast="0" min="10" oreb="1" dreb="2" treb="3" pf="2" tf="0" to="0" dq="0"></stats>
      <statsbyprd prd="1" fgm="1" fga="3" fgm3="0" fga3="1" ftm="0" fta="0" tp="2" blk="0" stl="0" ast="0" min="4" oreb="1" dreb="1" treb="3" pf="0" tf="0" to="0" dq="0"></statsbyprd>
      <statsbyprd prd="2" fgm="0" fga="2" fgm3="0" fga3="1" ftm="0" fta="0" tp="0" blk="0" stl="1" ast="0" min="6" oreb="0" dreb="1" treb="2" pf="2" tf="0" to="0" dq="0"></statsbyprd>
    </player>
    <player uni="11" code="11" name="Wallace, Josh" checkname="WALLACE,JOSH" gp="1" oncourt="Y">
      <stats fgm="1" fga="1" fgm3="0" fga3="0" ftm="0" fta="0" tp="2" blk="0" stl="0" ast="3" min="14" oreb="0" dreb="0" treb="0" pf="1" tf="0" to="0" dq="0"></stats>
      <statsbyprd prd="1" fgm="0" fga="0" fgm3="0" fga3="0" ftm="0" fta="0" tp="0" blk="0" stl="0" ast="1" min="5" oreb="0" dreb="0" treb="0" pf="1" tf="0" to="0" dq="0"></statsbyprd>
      <statsbyprd prd="2" fgm="1" fga="1" fgm3="0" fga3="0" ftm="0" fta="0" tp="2" blk="0" stl="0" ast="2" min="9" oreb="0" dreb="0" treb="0" pf="0" tf="0" to="0" dq="0"></statsbyprd>
    </player>
    <player uni="15" code="15" name="Neysmith, Tony" checkname="NEYSMITH,TONY" gp="1">
      <stats fgm="0" fga="0" fgm3="0" fga3="0" ftm="0" fta="0" tp="0" blk="0" stl="0" ast="0" min="2" oreb="0" dreb="0" treb="0" pf="1" tf="0" to="0" dq="0"></stats>
      <statsbyprd prd="1" fgm="0" fga="0" fgm3="0" fga3="0" ftm="0" fta="0" tp="0" blk="0" stl="0" ast="0" min="2" oreb="0" dreb="0" treb="0" pf="1" tf="0" to="0" dq="0"></statsbyprd>
      <statsbyprd prd="2" fgm="0" fga="0" fgm3="0" fga3="0" ftm="0" fta="0" tp="0" blk="0" stl="0" ast="0" min="0" oreb="0" dreb="0" treb="0" pf="0" tf="0" to="0" dq="0"></statsbyprd>
    </player>
    <player uni="25" code="25" name="Drum, Jake" checkname="DRUM,JAKE" gp="1" oncourt="Y">
      <stats fgm="1" fga="1" fgm3="0" fga3="0" ftm="0" fta="0" tp="2" blk="0" stl="0" ast="0" min="2" oreb="1" dreb="1" treb="2" pf="1" tf="0" to="0" dq="0"></stats>
      <statsbyprd prd="1" fgm="0" fga="0" fgm3="0" fga3="0" ftm="0" fta="0" tp="0" blk="0" stl="0" ast="0" min="0" oreb="0" dreb="0" treb="1" pf="0" tf="0" to="0" dq="0"></statsbyprd>
      <statsbyprd prd="2" fgm="1" fga="1" fgm3="0" fga3="0" ftm="0" fta="0" tp="2" blk="0" stl="0" ast="0" min="2" oreb="1" dreb="1" treb="2" pf="1" tf="0" to="0" dq="0"></statsbyprd>
    </player>
    <player uni="24" code="24" name="Waller, Tay" checkname="WALLER,TAY" gp="1" gs="1" pos="g">
      <stats fgm="5" fga="12" fgm3="1" fga3="7" ftm="5" fta="5" tp="16" blk="0" stl="3" ast="2" min="31" oreb="2" dreb="2" treb="4" pf="1" tf="0" to="1" dq="0"></stats>
      <statsbyprd prd="1" fgm="4" fga="8" fgm3="1" fga3="5" ftm="0" fta="0" tp="9" blk="0" stl="3" ast="1" min="16" oreb="2" dreb="0" treb="4" pf="1" tf="0" to="0" dq="0"></statsbyprd>
      <statsbyprd prd="2" fgm="1" fga="4" fgm3="0" fga3="2" ftm="5" fta="5" tp="7" blk="0" stl="0" ast="1" min="15" oreb="0" dreb="2" treb="2" pf="0" tf="0" to="1" dq="0"></statsbyprd>
    </player>
    <player uni="33" code="33" name="Ross, Earnest" checkname="ROSS,EARNEST" gp="1">
      <stats fgm="0" fga="2" fgm3="0" fga3="1" ftm="0" fta="0" tp="0" blk="0" stl="0" ast="0" min="6" oreb="1" dreb="1" treb="2" pf="1" tf="0" to="1" dq="0"></stats>
      <statsbyprd prd="1" fgm="0" fga="1" fgm3="0" fga3="1" ftm="0" fta="0" tp="0" blk="0" stl="0" ast="0" min="4" oreb="0" dreb="1" treb="1" pf="1" tf="0" to="0" dq="0"></statsbyprd>
      <statsbyprd prd="2" fgm="0" fga="1" fgm3="0" fga3="0" ftm="0" fta="0" tp="0" blk="0" stl="0" ast="0" min="2" oreb="1" dreb="0" treb="2" pf="0" tf="0" to="1" dq="0"></statsbyprd>
    </player>
    <player uni="TM" code="TM" name="TEAM" checkname="TEAM" gp="1">
      <stats oreb="2" dreb="3" treb="5" pf="0" tf="0" to="0" dq="0"></stats>
      <statsbyprd prd="1" oreb="1" dreb="0" treb="4" pf="0" tf="0" to="0" dq="0"></statsbyprd>
      <statsbyprd prd="2" oreb="1" dreb="3" treb="4" pf="0" tf="0" to="0" dq="0"></statsbyprd>
    </player>
    <player uni="41" code="41" name="Chubb, Rob" checkname="CHUBB,ROB" gp="1" oncourt="Y">
      <stats fgm="0" fga="1" fgm3="0" fga3="0" ftm="0" fta="0" tp="0" blk="0" stl="0" ast="0" min="2" oreb="0" dreb="0" treb="0" pf="0" tf="0" to="0" dq="0"></stats>
      <statsbyprd prd="1" fgm="0" fga="0" fgm3="0" fga3="0" ftm="0" fta="0" tp="0" blk="0" stl="0" ast="0" min="0" oreb="0" dreb="0" treb="0" pf="0" tf="0" to="0" dq="0"></statsbyprd>
      <statsbyprd prd="2" fgm="0" fga="1" fgm3="0" fga3="0" ftm="0" fta="0" tp="0" blk="0" stl="0" ast="0" min="2" oreb="0" dreb="0" treb="0" pf="0" tf="0" to="0" dq="0"></statsbyprd>
    </player>
    <player uni="22" code="22" name="Gabriel, Kenny" checkname="GABRIEL,KENNY" gp="0"></player>
    <player uni="10" code="10" name="Williams, Larry" checkname="WILLIAMS,LARRY" gp="1" oncourt="Y">
      <stats fgm="0" fga="1" fgm3="0" fga3="1" ftm="0" fta="0" tp="0" blk="0" stl="0" ast="0" min="3" oreb="0" dreb="1" treb="1" pf="0" tf="0" to="0" dq="0"></stats>
      <statsbyprd prd="1" fgm="0" fga="0" fgm3="0" fga3="0" ftm="0" fta="0" tp="0" blk="0" stl="0" ast="0" min="0" oreb="0" dreb="0" treb="1" pf="0" tf="0" to="0" dq="0"></statsbyprd>
      <statsbyprd prd="2" fgm="0" fga="1" fgm3="0" fga3="1" ftm="0" fta="0" tp="0" blk="0" stl="0" ast="0" min="3" oreb="0" dreb="1" treb="1" pf="0" tf="0" to="0" dq="0"></statsbyprd>
    </player>
    <player uni="05" code="05" name="Armstrong, Ty" checkname="ARMSTRONG,TY" gp="1">
      <stats fgm="1" fga="2" fgm3="0" fga3="0" ftm="0" fta="0" tp="2" blk="0" stl="0" ast="0" min="3" oreb="1" dreb="0" treb="1" pf="0" tf="0" to="0" dq="0"></stats>
      <statsbyprd prd="1" fgm="1" fga="2" fgm3="0" fga3="0" ftm="0" fta="0" tp="2" blk="0" stl="0" ast="0" min="3" oreb="1" dreb="0" treb="1" pf="0" tf="0" to="0" dq="0"></statsbyprd>
      <statsbyprd prd="2" fgm="0" fga="0" fgm3="0" fga3="0" ftm="0" fta="0" tp="0" blk="0" stl="0" ast="0" min="0" oreb="0" dreb="0" treb="0" pf="0" tf="0" to="0" dq="0"></statsbyprd>
    </player>
    <player uni="44" code="44" name="Spencer, Dylan" checkname="SPENCER,DYLAN" gp="0"></player>
  </team>
  <plays format="tokens">
    <period number="1" time="20:00">
      <special vh="V" pts_to="2" pts_ch2="11" pts_paint="10" pts_fastb="0" pts_bench="7" ties="0" leads="0"
               poss_count="36" poss_time="626" score_count="16" score_time="287"></special>
      <special vh="H" pts_to="9" pts_ch2="13" pts_paint="18" pts_fastb="2" pts_bench="12" ties="0" leads="0"
               poss_count="35" poss_time="574" score_count="20" score_time="343" large_lead="-" large_lead_t="-"></special>
      <summary vh="V" fgm="11" fga="28" fgm3="4" fga3="9" ftm="10" fta="12" blk="3" stl="1" ast="4"
               oreb="7" dreb="13" treb="20" pf="11" tf="0" to="8"></summary>
      <summary vh="H" fgm="15" fga="36" fgm3="5" fga3="16" ftm="10" fta="15" blk="2" stl="5" ast="6"
               oreb="10" dreb="12" treb="22" pf="10" tf="0" to="2"></summary>
      <play vh="H" time="19:40" uni="20" team="AU" checkname="SULLIVAN,FRANKIE" action="FOUL"></play>
      <play vh="V" time="19:32" uni="33" team="UGA" checkname="THOMPKINS,TREY" action="TURNOVER"></play>
      <play vh="H" time="19:22" uni="04" team="AU" checkname="HARGROVE,LUCAS" action="MISS" type="LAYUP"></play>
      <play vh="H" time="19:22" uni="TM" team="AU" checkname="TEAM" action="REBOUND" type="OFF"></play>
      <play vh="H" time="19:17" uni="20" team="AU" checkname="SULLIVAN,FRANKIE" action="MISS" type="JUMPER"></play>
      <play vh="H" time="19:17" uni="04" team="AU" checkname="HARGROVE,LUCAS" action="REBOUND" type="OFF"></play>
      <play vh="H" time="19:06" uni="20" team="AU" checkname="SULLIVAN,FRANKIE" action="MISS" type="JUMPER"></play>
      <play vh="H" time="19:06" uni="34" team="AU" checkname="LETT,JOHNNIE" action="REBOUND" type="OFF"></play>
      <play vh="H" time="19:02" uni="04" team="AU" checkname="HARGROVE,LUCAS" action="GOOD" type="3PTR" vscore="0" hscore="3"></play>
      <play vh="H" time="19:02" uni="34" team="AU" checkname="LETT,JOHNNIE" action="ASSIST"></play>
      <play vh="H" time="18:44" uni="34" team="AU" checkname="LETT,JOHNNIE" action="FOUL"></play>
      <play vh="V" time="18:29" uni="33" team="UGA" checkname="THOMPKINS,TREY" action="TURNOVER"></play>
      <play vh="H" time="18:27" uni="24" team="AU" checkname="WALLER,TAY" action="STEAL"></play>
      <play vh="H" time="18:22" uni="12" team="AU" checkname="REED,DEWAYNE" action="MISS" type="3PTR"></play>
      <play vh="V" time="18:22" uni="10" team="UGA" checkname="MCPHEE,RICKY" action="REBOUND" type="DEF"></play>
      <play vh="V" time="18:09" uni="01" team="UGA" checkname="LESLIE,TRAVIS" action="GOOD" type="JUMPER" vscore="2" hscore="3"></play>
      <play vh="H" time="18:01" uni="24" team="AU" checkname="WALLER,TAY" action="MISS" type="3PTR"></play>
      <play vh="V" time="18:01" uni="01" team="UGA" checkname="LESLIE,TRAVIS" action="REBOUND" type="DEF"></play>
      <play vh="V" time="17:45" uni="01" team="UGA" checkname="LESLIE,TRAVIS" action="MISS" type="JUMPER"></play>
      <play vh="H" time="17:45" uni="20" team="AU" checkname="SULLIVAN,FRANKIE" action="BLOCK"></play>
      <play vh="H" time="17:43" uni="34" team="AU" checkname="LETT,JOHNNIE" action="REBOUND" type="DEF"></play>
      <play vh="H" time="17:39" uni="12" team="AU" checkname="REED,DEWAYNE" action="FOUL"></play>
      <play vh="H" time="17:39" uni="12" team="AU" checkname="REED,DEWAYNE" action="TURNOVER"></play>
      <play vh="V" time="17:20" uni="33" team="UGA" checkname="THOMPKINS,TREY" action="TURNOVER"></play>
      <play vh="H" time="17:05" uni="20" team="AU" checkname="SULLIVAN,FRANKIE" action="MISS" type="3PTR"></play>
      <play vh="V" time="17:05" uni="01" team="UGA" checkname="LESLIE,TRAVIS" action="REBOUND" type="DEF"></play>
      <play vh="V" time="16:56" uni="01" team="UGA" checkname="LESLIE,TRAVIS" action="TURNOVER"></play>
      <play vh="H" time="16:54" uni="34" team="AU" checkname="LETT,JOHNNIE" action="STEAL"></play>
      <play vh="H" time="16:47" uni="24" team="AU" checkname="WALLER,TAY" action="GOOD" type="JUMPER" vscore="2" hscore="5"></play>
      <play vh="V" time="16:27" uni="33" team="UGA" checkname="THOMPKINS,TREY" action="FOUL"></play>
      <play vh="V" time="16:27" uni="33" team="UGA" checkname="THOMPKINS,TREY" action="TURNOVER"></play>
      <play vh="V" time="16:27" uni="50" team="UGA" checkname="PRICE,JEREMY" action="SUB" type="IN"></play>
      <play vh="V" time="16:27" uni="05" team="UGA" checkname="ANYAORAH,EBUKA" action="SUB" type="IN"></play>
      <play vh="V" time="16:27" uni="11" team="UGA" checkname="WILLIAMS,VINCENT" action="SUB" type="IN"></play>
      <play vh="V" time="16:27" uni="33" team="UGA" checkname="THOMPKINS,TREY" action="SUB" type="OUT"></play>
      <play vh="V" time="16:27" uni="01" team="UGA" checkname="LESLIE,TRAVIS" action="SUB" type="OUT"></play>
      <play vh="V" time="16:27" uni="03" team="UGA" checkname="WARE,DUSTIN" action="SUB" type="OUT"></play>
      <play vh="H" time="16:27" uni="11" team="AU" checkname="WALLACE,JOSH" action="SUB" type="IN"></play>
      <play vh="H" time="16:27" uni="01" team="AU" checkname="MALONE,ANDRE" action="SUB" type="IN"></play>
      <play vh="H" time="16:27" uni="20" team="AU" checkname="SULLIVAN,FRANKIE" action="SUB" type="OUT"></play>
      <play vh="H" time="16:27" uni="12" team="AU" checkname="REED,DEWAYNE" action="SUB" type="OUT"></play>
      <play vh="H" time="16:09" uni="01" team="AU" checkname="MALONE,ANDRE" action="MISS" type="3PTR"></play>
      <play vh="V" time="16:09" uni="TM" team="UGA" checkname="TEAM" action="REBOUND" type="DEF"></play>
      <play vh="V" time="15:50" uni="11" team="UGA" checkname="WILLIAMS,VINCENT" action="MISS" type="3PTR"></play>
      <play vh="H" time="15:50" uni="01" team="AU" checkname="MALONE,ANDRE" action="REBOUND" type="DEF"></play>
      <play vh="H" time="15:38" uni="01" team="AU" checkname="MALONE,ANDRE" action="MISS" type="LAYUP"></play>
      <play vh="V" time="15:38" uni="34" team="UGA" checkname="JACKSON,ALBERT" action="BLOCK"></play>
      <play vh="H" time="15:37" uni="04" team="AU" checkname="HARGROVE,LUCAS" action="REBOUND" type="OFF"></play>
      <play vh="H" time="15:33" uni="24" team="AU" checkname="WALLER,TAY" action="GOOD" type="3PTR" vscore="2" hscore="8"></play>
      <play vh="H" time="15:33" uni="04" team="AU" checkname="HARGROVE,LUCAS" action="ASSIST"></play>
      <play vh="H" time="15:24" uni="11" team="AU" checkname="WALLACE,JOSH" action="FOUL"></play>
      <play vh="V" time="15:24" uni="TM" team="UGA" checkname="TEAM" action="TIMEOUT" type="MEDIA"></play>
      <play vh="H" time="15:24" uni="30" team="AU" checkname="KNOX,BRENDON" action="SUB" type="IN"></play>
      <play vh="H" time="15:24" uni="04" team="AU" checkname="HARGROVE,LUCAS" action="SUB" type="OUT"></play>
      <play vh="H" time="15:16" uni="34" team="AU" checkname="LETT,JOHNNIE" action="FOUL"></play>
      <play vh="V" time="15:16" uni="05" team="UGA" checkname="ANYAORAH,EBUKA" action="GOOD" type="FT" vscore="3" hscore="8"></play>
      <play vh="V" time="15:16" uni="05" team="UGA" checkname="ANYAORAH,EBUKA" action="GOOD" type="FT" vscore="4" hscore="8"></play>
      <play vh="V" time="15:16" uni="04" team="UGA" checkname="BARNES,CHRIS" action="SUB" type="IN"></play>
      <play vh="V" time="15:16" uni="34" team="UGA" checkname="JACKSON,ALBERT" action="SUB" type="OUT"></play>
      <play vh="H" time="15:16" uni="04" team="AU" checkname="HARGROVE,LUCAS" action="SUB" type="IN"></play>
      <play vh="H" time="15:16" uni="34" team="AU" checkname="LETT,JOHNNIE" action="SUB" type="OUT"></play>
      <play vh="H" time="14:49" uni="04" team="AU" checkname="HARGROVE,LUCAS" action="GOOD" type="3PTR" vscore="4" hscore="11"></play>
      <play vh="H" time="14:49" uni="11" team="AU" checkname="WALLACE,JOSH" action="ASSIST"></play>
      <play vh="V" time="14:31" uni="50" team="UGA" checkname="PRICE,JEREMY" action="TURNOVER"></play>
      <play vh="H" time="14:30" uni="04" team="AU" checkname="HARGROVE,LUCAS" action="STEAL"></play>
      <play vh="H" time="14:27" uni="24" team="AU" checkname="WALLER,TAY" action="GOOD" type="LAYUP" paint="Y" fastb="Y" vscore="4" hscore="13"></play>
      <play vh="H" time="14:27" uni="04" team="AU" checkname="HARGROVE,LUCAS" action="ASSIST"></play>
      <play vh="V" time="14:24" uni="TM" team="UGA" checkname="TEAM" action="TIMEOUT" type="30SEC"></play>
      <play vh="V" time="14:24" uni="41" team="UGA" checkname="ZLOVARIC,DRAZEN" action="SUB" type="IN"></play>
      <play vh="V" time="14:24" uni="50" team="UGA" checkname="PRICE,JEREMY" action="SUB" type="OUT"></play>
      <play vh="V" time="14:09" uni="10" team="UGA" checkname="MCPHEE,RICKY" action="GOOD" type="3PTR" vscore="7" hscore="13"></play>
      <play vh="V" time="14:09" uni="11" team="UGA" checkname="WILLIAMS,VINCENT" action="ASSIST"></play>
      <play vh="V" time="13:59" uni="11" team="UGA" checkname="WILLIAMS,VINCENT" action="FOUL"></play>
      <play vh="V" time="13:59" uni="03" team="UGA" checkname="WARE,DUSTIN" action="SUB" type="IN"></play>
      <play vh="V" time="13:59" uni="33" team="UGA" checkname="THOMPKINS,TREY" action="SUB" type="IN"></play>
      <play vh="V" time="13:59" uni="10" team="UGA" checkname="MCPHEE,RICKY" action="SUB" type="OUT"></play>
      <play vh="V" time="13:59" uni="11" team="UGA" checkname="WILLIAMS,VINCENT" action="SUB" type="OUT"></play>
      <play vh="H" time="13:51" uni="24" team="AU" checkname="WALLER,TAY" action="MISS" type="3PTR"></play>
      <play vh="H" time="13:51" uni="30" team="AU" checkname="KNOX,BRENDON" action="REBOUND" type="OFF"></play>
      <play vh="H" time="13:45" uni="04" team="AU" checkname="HARGROVE,LUCAS" action="MISS" type="3PTR"></play>
      <play vh="H" time="13:45" uni="01" team="AU" checkname="MALONE,ANDRE" action="REBOUND" type="OFF"></play>
      <play vh="H" time="13:39" uni="01" team="AU" checkname="MALONE,ANDRE" action="GOOD" type="LAYUP" paint="Y" vscore="7" hscore="15"></play>
      <play vh="V" time="13:08" uni="33" team="UGA" checkname="THOMPKINS,TREY" action="GOOD" type="JUMPER" vscore="9" hscore="15"></play>
      <play vh="H" time="13:00" uni="24" team="AU" checkname="WALLER,TAY" action="MISS" type="3PTR"></play>
      <play vh="V" time="13:00" uni="05" team="UGA" checkname="ANYAORAH,EBUKA" action="REBOUND" type="DEF"></play>
      <play vh="H" time="12:36" uni="24" team="AU" checkname="WALLER,TAY" action="FOUL"></play>
      <play vh="V" time="12:36" uni="04" team="UGA" checkname="BARNES,CHRIS" action="GOOD" type="FT" vscore="10" hscore="15"></play>
      <play vh="V" time="12:36" uni="04" team="UGA" checkname="BARNES,CHRIS" action="GOOD" type="FT" vscore="11" hscore="15"></play>
      <play vh="V" time="12:36" uni="10" team="UGA" checkname="MCPHEE,RICKY" action="SUB" type="IN"></play>
      <play vh="V" time="12:36" uni="01" team="UGA" checkname="LESLIE,TRAVIS" action="SUB" type="IN"></play>
      <play vh="V" time="12:36" uni="05" team="UGA" checkname="ANYAORAH,EBUKA" action="SUB" type="OUT"></play>
      <play vh="V" time="12:36" uni="41" team="UGA" checkname="ZLOVARIC,DRAZEN" action="SUB" type="OUT"></play>
      <play vh="H" time="12:36" uni="33" team="AU" checkname="ROSS,EARNEST" action="SUB" type="IN"></play>
      <play vh="H" time="12:36" uni="20" team="AU" checkname="SULLIVAN,FRANKIE" action="SUB" type="IN"></play>
      <play vh="H" time="12:36" uni="24" team="AU" checkname="WALLER,TAY" action="SUB" type="OUT"></play>
      <play vh="H" time="12:36" uni="01" team="AU" checkname="MALONE,ANDRE" action="SUB" type="OUT"></play>
      <play vh="V" time="12:17" uni="04" team="UGA" checkname="BARNES,CHRIS" action="BLOCK"></play>
      <play vh="H" time="12:17" uni="04" team="AU" checkname="HARGROVE,LUCAS" action="MISS" type="LAYUP"></play>
      <play vh="V" time="12:17" uni="04" team="UGA" checkname="BARNES,CHRIS" action="REBOUND" type="DEF"></play>
      <play vh="V" time="11:59" uni="04" team="UGA" checkname="BARNES,CHRIS" action="MISS" type="JUMPER"></play>
      <play vh="H" time="11:58" uni="04" team="AU" checkname="HARGROVE,LUCAS" action="REBOUND" type="DEF"></play>
      <play vh="H" time="11:41" uni="30" team="AU" checkname="KNOX,BRENDON" action="GOOD" type="LAYUP" paint="Y" vscore="11" hscore="17"></play>
      <play vh="V" time="11:41" uni="04" team="UGA" checkname="BARNES,CHRIS" action="FOUL"></play>
      <play vh="H" time="11:41" uni="TM" team="AU" checkname="TEAM" action="TIMEOUT" type="media"></play>
      <play vh="H" time="11:41" uni="30" team="AU" checkname="KNOX,BRENDON" action="GOOD" type="FT" vscore="11" hscore="18"></play>
      <play vh="H" time="11:41" uni="12" team="AU" checkname="REED,DEWAYNE" action="SUB" type="IN"></play>
      <play vh="H" time="11:41" uni="11" team="AU" checkname="WALLACE,JOSH" action="SUB" type="OUT"></play>
      <play vh="V" time="11:32" uni="33" team="UGA" checkname="THOMPKINS,TREY" action="GOOD" type="LAYUP" paint="Y" vscore="13" hscore="18"></play>
      <play vh="V" time="11:32" uni="01" team="UGA" checkname="LESLIE,TRAVIS" action="ASSIST"></play>
      <play vh="H" time="11:15" uni="33" team="AU" checkname="ROSS,EARNEST" action="MISS" type="3PTR"></play>
      <play vh="V" time="11:15" uni="10" team="UGA" checkname="MCPHEE,RICKY" action="REBOUND" type="DEF"></play>
      <play vh="V" time="11:05" uni="33" team="UGA" checkname="THOMPKINS,TREY" action="MISS" type="JUMPER"></play>
      <play vh="H" time="11:05" uni="04" team="AU" checkname="HARGROVE,LUCAS" action="REBOUND" type="DEF"></play>
      <play vh="H" time="10:48" uni="30" team="AU" checkname="KNOX,BRENDON" action="GOOD" type="JUMPER" paint="Y" vscore="13" hscore="20"></play>
      <play vh="V" time="10:48" uni="33" team="UGA" checkname="THOMPKINS,TREY" action="FOUL"></play>
      <play vh="H" time="10:48" uni="30" team="AU" checkname="KNOX,BRENDON" action="GOOD" type="FT" vscore="13" hscore="21"></play>
      <play vh="V" time="10:48" uni="34" team="UGA" checkname="JACKSON,ALBERT" action="SUB" type="IN"></play>
      <play vh="V" time="10:48" uni="50" team="UGA" checkname="PRICE,JEREMY" action="SUB" type="IN"></play>
      <play vh="V" time="10:48" uni="33" team="UGA" checkname="THOMPKINS,TREY" action="SUB" type="OUT"></play>
      <play vh="V" time="10:48" uni="04" team="UGA" checkname="BARNES,CHRIS" action="SUB" type="OUT"></play>
      <play vh="H" time="10:41" uni="30" team="AU" checkname="KNOX,BRENDON" action="FOUL"></play>
      <play vh="V" time="10:41" uni="01" team="UGA" checkname="LESLIE,TRAVIS" action="GOOD" type="FT" vscore="14" hscore="21"></play>
      <play vh="V" time="10:41" uni="01" team="UGA" checkname="LESLIE,TRAVIS" action="MISS" type="FT"></play>
      <play vh="H" time="10:41" uni="33" team="AU" checkname="ROSS,EARNEST" action="REBOUND" type="DEF"></play>
      <play vh="H" time="10:23" uni="30" team="AU" checkname="KNOX,BRENDON" action="MISS" type="LAYUP"></play>
      <play vh="V" time="10:23" uni="50" team="UGA" checkname="PRICE,JEREMY" action="BLOCK"></play>
      <play vh="V" time="10:20" uni="01" team="UGA" checkname="LESLIE,TRAVIS" action="REBOUND" type="DEF"></play>
      <play vh="H" time="10:02" uni="04" team="AU" checkname="HARGROVE,LUCAS" action="FOUL"></play>
      <play vh="V" time="10:02" uni="50" team="UGA" checkname="PRICE,JEREMY" action="GOOD" type="FT" vscore="15" hscore="21"></play>
      <play vh="V" time="10:02" uni="50" team="UGA" checkname="PRICE,JEREMY" action="MISS" type="FT"></play>
      <play vh="V" time="10:02" uni="01" team="UGA" checkname="LESLIE,TRAVIS" action="REBOUND" type="OFF"></play>
      <play vh="H" time="10:02" uni="05" team="AU" checkname="ARMSTRONG,TY" action="SUB" type="IN"></play>
      <play vh="H" time="10:02" uni="30" team="AU" checkname="KNOX,BRENDON" action="SUB" type="OUT"></play>
      <play vh="H" time="09:55" uni="33" team="AU" checkname="ROSS,EARNEST" action="FOUL"></play>
      <play vh="V" time="09:55" uni="01" team="UGA" checkname="LESLIE,TRAVIS" action="GOOD" type="FT" vscore="16" hscore="21"></play>
      <play vh="V" time="09:55" uni="01" team="UGA" checkname="LESLIE,TRAVIS" action="GOOD" type="FT" vscore="17" hscore="21"></play>
      <play vh="H" time="09:31" uni="04" team="AU" checkname="HARGROVE,LUCAS" action="GOOD" type="LAYUP" paint="Y" vscore="17" hscore="23"></play>
      <play vh="V" time="09:18" uni="10" team="UGA" checkname="MCPHEE,RICKY" action="MISS" type="3PTR"></play>
      <play vh="H" time="09:18" uni="12" team="AU" checkname="REED,DEWAYNE" action="REBOUND" type="DEF"></play>
      <play vh="H" time="09:14" uni="12" team="AU" checkname="REED,DEWAYNE" action="TURNOVER"></play>
      <play vh="V" time="09:12" uni="03" team="UGA" checkname="WARE,DUSTIN" action="STEAL"></play>
      <play vh="V" time="09:09" uni="03" team="UGA" checkname="WARE,DUSTIN" action="MISS" type="LAYUP"></play>
      <play vh="V" time="09:09" uni="01" team="UGA" checkname="LESLIE,TRAVIS" action="REBOUND" type="OFF"></play>
      <play vh="V" time="09:05" uni="01" team="UGA" checkname="LESLIE,TRAVIS" action="GOOD" type="DUNK" paint="Y" vscore="19" hscore="23"></play>
      <play vh="H" time="08:53" uni="05" team="AU" checkname="ARMSTRONG,TY" action="MISS" type="JUMPER"></play>
      <play vh="V" time="08:53" uni="01" team="UGA" checkname="LESLIE,TRAVIS" action="REBOUND" type="DEF"></play>
      <play vh="V" time="08:32" uni="10" team="UGA" checkname="MCPHEE,RICKY" action="MISS" type="3PTR"></play>
      <play vh="V" time="08:32" uni="03" team="UGA" checkname="WARE,DUSTIN" action="REBOUND" type="OFF"></play>
      <play vh="V" time="08:28" uni="03" team="UGA" checkname="WARE,DUSTIN" action="GOOD" type="3PTR" vscore="22" hscore="23"></play>
      <play vh="V" time="08:12" uni="50" team="UGA" checkname="PRICE,JEREMY" action="FOUL"></play>
      <play vh="H" time="08:12" uni="04" team="AU" checkname="HARGROVE,LUCAS" action="MISS" type="FT"></play>
      <play vh="H" time="08:12" uni="TM" team="AU" checkname="TEAM" action="REBOUND" type="DEADB"></play>
      <play vh="H" time="08:12" uni="04" team="AU" checkname="HARGROVE,LUCAS" action="GOOD" type="FT" vscore="22" hscore="24"></play>
      <play vh="V" time="08:12" uni="11" team="UGA" checkname="WILLIAMS,VINCENT" action="SUB" type="IN"></play>
      <play vh="V" time="08:12" uni="03" team="UGA" checkname="WARE,DUSTIN" action="SUB" type="OUT"></play>
      <play vh="H" time="08:12" uni="24" team="AU" checkname="WALLER,TAY" action="SUB" type="IN"></play>
      <play vh="H" time="08:12" uni="33" team="AU" checkname="ROSS,EARNEST" action="SUB" type="OUT"></play>
      <play vh="V" time="07:55" uni="11" team="UGA" checkname="WILLIAMS,VINCENT" action="MISS" type="LAYUP"></play>
      <play vh="H" time="07:55" uni="12" team="AU" checkname="REED,DEWAYNE" action="REBOUND" type="DEF"></play>
      <play vh="H" time="07:47" uni="12" team="AU" checkname="REED,DEWAYNE" action="MISS" type="LAYUP"></play>
      <play vh="H" time="07:47" uni="05" team="AU" checkname="ARMSTRONG,TY" action="REBOUND" type="OFF"></play>
      <play vh="H" time="07:44" uni="05" team="AU" checkname="ARMSTRONG,TY" action="GOOD" type="TIPIN" paint="Y" vscore="22" hscore="26"></play>
      <play vh="V" time="07:15" uni="01" team="UGA" checkname="LESLIE,TRAVIS" action="MISS" type="LAYUP"></play>
      <play vh="H" time="07:15" uni="04" team="AU" checkname="HARGROVE,LUCAS" action="REBOUND" type="DEF"></play>
      <play vh="V" time="07:10" uni="34" team="UGA" checkname="JACKSON,ALBERT" action="FOUL"></play>
      <play vh="H" time="07:10" uni="TM" team="AU" checkname="TEAM" action="TIMEOUT" type="media"></play>
      <play vh="H" time="07:10" uni="04" team="AU" checkname="HARGROVE,LUCAS" action="GOOD" type="FT" vscore="22" hscore="27"></play>
      <play vh="H" time="07:10" uni="04" team="AU" checkname="HARGROVE,LUCAS" action="GOOD" type="FT" vscore="22" hscore="28"></play>
      <play vh="V" time="07:10" uni="05" team="UGA" checkname="ANYAORAH,EBUKA" action="SUB" type="IN"></play>
      <play vh="V" time="07:10" uni="50" team="UGA" checkname="PRICE,JEREMY" action="SUB" type="OUT"></play>
      <play vh="H" time="07:10" uni="30" team="AU" checkname="KNOX,BRENDON" action="SUB" type="IN"></play>
      <play vh="H" time="07:10" uni="05" team="AU" checkname="ARMSTRONG,TY" action="SUB" type="OUT"></play>
      <play vh="V" time="07:00" uni="11" team="UGA" checkname="WILLIAMS,VINCENT" action="TURNOVER"></play>
      <play vh="H" time="06:58" uni="24" team="AU" checkname="WALLER,TAY" action="STEAL"></play>
      <play vh="V" time="06:42" uni="05" team="UGA" checkname="ANYAORAH,EBUKA" action="FOUL"></play>
      <play vh="H" time="06:42" uni="12" team="AU" checkname="REED,DEWAYNE" action="GOOD" type="FT" vscore="22" hscore="29"></play>
      <play vh="H" time="06:42" uni="12" team="AU" checkname="REED,DEWAYNE" action="GOOD" type="FT" vscore="22" hscore="30"></play>
      <play vh="V" time="06:27" uni="10" team="UGA" checkname="MCPHEE,RICKY" action="TURNOVER"></play>
      <play vh="H" time="06:25" uni="24" team="AU" checkname="WALLER,TAY" action="STEAL"></play>
      <play vh="H" time="06:21" uni="20" team="AU" checkname="SULLIVAN,FRANKIE" action="MISS" type="3PTR"></play>
      <play vh="V" time="06:21" uni="05" team="UGA" checkname="ANYAORAH,EBUKA" action="REBOUND" type="DEF"></play>
      <play vh="V" time="06:13" uni="10" team="UGA" checkname="MCPHEE,RICKY" action="GOOD" type="3PTR" vscore="25" hscore="30"></play>
      <play vh="V" time="06:13" uni="11" team="UGA" checkname="WILLIAMS,VINCENT" action="ASSIST"></play>
      <play vh="H" time="05:59" uni="30" team="AU" checkname="KNOX,BRENDON" action="GOOD" type="JUMPER" paint="Y" vscore="25" hscore="32"></play>
      <play vh="V" time="05:37" uni="11" team="UGA" checkname="WILLIAMS,VINCENT" action="MISS" type="LAYUP"></play>
      <play vh="V" time="05:37" uni="01" team="UGA" checkname="LESLIE,TRAVIS" action="REBOUND" type="OFF"></play>
      <play vh="V" time="05:33" uni="01" team="UGA" checkname="LESLIE,TRAVIS" action="GOOD" type="LAYUP" paint="Y" vscore="27" hscore="32"></play>
      <play vh="V" time="05:24" uni="01" team="UGA" checkname="LESLIE,TRAVIS" action="FOUL"></play>
      <play vh="H" time="05:24" uni="30" team="AU" checkname="KNOX,BRENDON" action="MISS" type="FT"></play>
      <play vh="H" time="05:24" uni="TM" team="AU" checkname="TEAM" action="REBOUND" type="DEADB"></play>
      <play vh="H" time="05:24" uni="30" team="AU" checkname="KNOX,BRENDON" action="MISS" type="FT"></play>
      <play vh="H" time="05:24" uni="24" team="AU" checkname="WALLER,TAY" action="REBOUND" type="OFF"></play>
      <play vh="V" time="05:24" uni="03" team="UGA" checkname="WARE,DUSTIN" action="SUB" type="IN"></play>
      <play vh="V" time="05:24" uni="02" team="UGA" checkname="MAYFIELD,DEMARIO" action="SUB" type="IN"></play>
      <play vh="V" time="05:24" uni="11" team="UGA" checkname="WILLIAMS,VINCENT" action="SUB" type="OUT"></play>
      <play vh="V" time="05:24" uni="05" team="UGA" checkname="ANYAORAH,EBUKA" action="SUB" type="OUT"></play>
      <play vh="H" time="05:16" uni="30" team="AU" checkname="KNOX,BRENDON" action="MISS" type="LAYUP"></play>
      <play vh="V" time="05:16" uni="10" team="UGA" checkname="MCPHEE,RICKY" action="REBOUND" type="DEF"></play>
      <play vh="V" time="04:58" uni="10" team="UGA" checkname="MCPHEE,RICKY" action="MISS" type="3PTR"></play>
      <play vh="V" time="04:58" uni="01" team="UGA" checkname="LESLIE,TRAVIS" action="REBOUND" type="OFF"></play>
      <play vh="V" time="04:53" uni="01" team="UGA" checkname="LESLIE,TRAVIS" action="MISS" type="LAYUP"></play>
      <play vh="V" time="04:53" uni="01" team="UGA" checkname="LESLIE,TRAVIS" action="REBOUND" type="OFF"></play>
      <play vh="V" time="04:49" uni="01" team="UGA" checkname="LESLIE,TRAVIS" action="GOOD" type="TIPIN" paint="Y" vscore="29" hscore="32"></play>
      <play vh="V" time="04:40" uni="02" team="UGA" checkname="MAYFIELD,DEMARIO" action="FOUL"></play>
      <play vh="H" time="04:40" uni="04" team="AU" checkname="HARGROVE,LUCAS" action="GOOD" type="FT" vscore="29" hscore="33"></play>
      <play vh="H" time="04:40" uni="04" team="AU" checkname="HARGROVE,LUCAS" action="MISS" type="FT"></play>
      <play vh="V" time="04:40" uni="01" team="UGA" checkname="LESLIE,TRAVIS" action="REBOUND" type="DEF"></play>
      <play vh="V" time="04:40" uni="04" team="UGA" checkname="BARNES,CHRIS" action="SUB" type="IN"></play>
      <play vh="V" time="04:40" uni="34" team="UGA" checkname="JACKSON,ALBERT" action="SUB" type="OUT"></play>
      <play vh="V" time="04:22" uni="01" team="UGA" checkname="LESLIE,TRAVIS" action="MISS" type="JUMPER"></play>
      <play vh="H" time="04:22" uni="04" team="AU" checkname="HARGROVE,LUCAS" action="REBOUND" type="DEF"></play>
      <play vh="H" time="04:05" uni="04" team="AU" checkname="HARGROVE,LUCAS" action="GOOD" type="3PTR" vscore="29" hscore="36"></play>
      <play vh="H" time="04:05" uni="12" team="AU" checkname="REED,DEWAYNE" action="ASSIST"></play>
      <play vh="V" time="03:44" uni="04" team="UGA" checkname="BARNES,CHRIS" action="MISS" type="LAYUP"></play>
      <play vh="H" time="03:44" uni="30" team="AU" checkname="KNOX,BRENDON" action="BLOCK"></play>
      <play vh="H" time="03:42" uni="04" team="AU" checkname="HARGROVE,LUCAS" action="REBOUND" type="DEF"></play>
      <play vh="H" time="03:39" uni="20" team="AU" checkname="SULLIVAN,FRANKIE" action="MISS" type="LAYUP"></play>
      <play vh="H" time="03:39" uni="20" team="AU" checkname="SULLIVAN,FRANKIE" action="REBOUND" type="OFF"></play>
      <play vh="H" time="03:34" uni="04" team="AU" checkname="HARGROVE,LUCAS" action="MISS" type="3PTR"></play>
      <play vh="H" time="03:34" uni="24" team="AU" checkname="WALLER,TAY" action="REBOUND" type="OFF"></play>
      <play vh="H" time="03:30" uni="12" team="AU" checkname="REED,DEWAYNE" action="GOOD" type="3PTR" vscore="29" hscore="39"></play>
      <play vh="H" time="03:30" uni="24" team="AU" checkname="WALLER,TAY" action="ASSIST"></play>
      <play vh="V" time="03:24" uni="TM" team="UGA" checkname="TEAM" action="TIMEOUT" type="30SEC"></play>
      <play vh="V" time="03:24" uni="41" team="UGA" checkname="ZLOVARIC,DRAZEN" action="SUB" type="IN"></play>
      <play vh="V" time="03:24" uni="50" team="UGA" checkname="PRICE,JEREMY" action="SUB" type="IN"></play>
      <play vh="V" time="03:24" uni="01" team="UGA" checkname="LESLIE,TRAVIS" action="SUB" type="OUT"></play>
      <play vh="V" time="03:24" uni="02" team="UGA" checkname="MAYFIELD,DEMARIO" action="SUB" type="OUT"></play>
      <play vh="H" time="03:24" uni="15" team="AU" checkname="NEYSMITH,TONY" action="SUB" type="IN"></play>
      <play vh="H" time="03:24" uni="04" team="AU" checkname="HARGROVE,LUCAS" action="SUB" type="OUT"></play>
      <play vh="V" time="03:07" uni="10" team="UGA" checkname="MCPHEE,RICKY" action="MISS" type="3PTR"></play>
      <play vh="H" time="03:07" uni="30" team="AU" checkname="KNOX,BRENDON" action="REBOUND" type="DEF"></play>
      <play vh="H" time="02:52" uni="24" team="AU" checkname="WALLER,TAY" action="GOOD" type="JUMPER" paint="Y" vscore="29" hscore="41"></play>
      <play vh="V" time="02:29" uni="50" team="UGA" checkname="PRICE,JEREMY" action="GOOD" type="LAYUP" paint="Y" vscore="31" hscore="41"></play>
      <play vh="H" time="02:10" uni="12" team="AU" checkname="REED,DEWAYNE" action="GOOD" type="LAYUP" paint="Y" vscore="31" hscore="43"></play>
      <play vh="V" time="02:10" uni="03" team="UGA" checkname="WARE,DUSTIN" action="FOUL"></play>
      <play vh="H" time="02:10" uni="TM" team="AU" checkname="TEAM" action="TIMEOUT" type="MEDIA"></play>
      <play vh="H" time="02:10" uni="12" team="AU" checkname="REED,DEWAYNE" action="GOOD" type="FT" vscore="31" hscore="44"></play>
      <play vh="V" time="02:10" uni="34" team="UGA" checkname="JACKSON,ALBERT" action="SUB" type="IN"></play>
      <play vh="V" time="02:10" uni="50" team="UGA" checkname="PRICE,JEREMY" action="SUB" type="OUT"></play>
      <play vh="V" time="01:47" uni="03" team="UGA" checkname="WARE,DUSTIN" action="GOOD" type="3PTR" vscore="34" hscore="44"></play>
      <play vh="V" time="01:47" uni="41" team="UGA" checkname="ZLOVARIC,DRAZEN" action="ASSIST"></play>
      <play vh="H" time="01:21" uni="24" team="AU" checkname="WALLER,TAY" action="MISS" type="3PTR"></play>
      <play vh="V" time="01:21" uni="04" team="UGA" checkname="BARNES,CHRIS" action="REBOUND" type="DEF"></play>
      <play vh="H" time="00:59" uni="15" team="AU" checkname="NEYSMITH,TONY" action="FOUL"></play>
      <play vh="V" time="00:59" uni="10" team="UGA" checkname="MCPHEE,RICKY" action="GOOD" type="FT" vscore="35" hscore="44"></play>
      <play vh="V" time="00:59" uni="10" team="UGA" checkname="MCPHEE,RICKY" action="GOOD" type="FT" vscore="36" hscore="44"></play>
      <play vh="V" time="00:59" uni="05" team="UGA" checkname="ANYAORAH,EBUKA" action="SUB" type="IN"></play>
      <play vh="V" time="00:59" uni="04" team="UGA" checkname="BARNES,CHRIS" action="SUB" type="OUT"></play>
      <play vh="H" time="00:59" uni="04" team="AU" checkname="HARGROVE,LUCAS" action="SUB" type="IN"></play>
      <play vh="H" time="00:59" uni="15" team="AU" checkname="NEYSMITH,TONY" action="SUB" type="OUT"></play>
      <play vh="V" time="00:42" uni="41" team="UGA" checkname="ZLOVARIC,DRAZEN" action="FOUL"></play>
      <play vh="H" time="00:42" uni="04" team="AU" checkname="HARGROVE,LUCAS" action="MISS" type="FT"></play>
      <play vh="H" time="00:42" uni="TM" team="AU" checkname="TEAM" action="REBOUND" type="DEADB"></play>
      <play vh="H" time="00:42" uni="04" team="AU" checkname="HARGROVE,LUCAS" action="GOOD" type="FT" vscore="36" hscore="45"></play>
      <play vh="V" time="00:42" uni="01" team="UGA" checkname="LESLIE,TRAVIS" action="SUB" type="IN"></play>
      <play vh="V" time="00:42" uni="41" team="UGA" checkname="ZLOVARIC,DRAZEN" action="SUB" type="OUT"></play>
      <play vh="V" time="00:06" uni="03" team="UGA" checkname="WARE,DUSTIN" action="MISS" type="JUMPER"></play>
      <play vh="V" time="00:06" uni="05" team="UGA" checkname="ANYAORAH,EBUKA" action="REBOUND" type="OFF"></play>
      <play vh="V" time="00:04" uni="05" team="UGA" checkname="ANYAORAH,EBUKA" action="MISS" type="JUMPER"></play>
      <play vh="H" time="00:04" uni="20" team="AU" checkname="SULLIVAN,FRANKIE" action="REBOUND" type="DEF"></play>
      <play vh="H" time="00:04" uni="TM" team="AU" checkname="TEAM" action="TIMEOUT" type="30SEC"></play>
      <clock time="00:00"></clock>
    </period>
    <period number="2" time="20:00">
      <special vh="V" pts_to="7" pts_ch2="4" pts_paint="8" pts_fastb="0" pts_bench="11" ties="0" leads="0"
               poss_count="38" poss_time="541" score_count="13" score_time="211"></special>
      <special vh="H" pts_to="8" pts_ch2="6" pts_paint="14" pts_fastb="0" pts_bench="5" ties="0" leads="0"
               poss_count="38" poss_time="659" score_count="16" score_time="307" large_lead="-" large_lead_t="-"></special>
      <summary vh="V" fgm="8" fga="24" fgm3="1" fga3="7" ftm="10" fta="13" blk="1" stl="3" ast="5"
               oreb="5" dreb="11" treb="16" pf="10" tf="0" to="11"></summary>
      <summary vh="H" fgm="13" fga="28" fgm3="3" fga3="11" ftm="8" fta="11" blk="0" stl="4" ast="6"
               oreb="6" dreb="11" treb="17" pf="12" tf="1" to="9"></summary>
      <play vh="H" time="19:46" uni="24" team="AU" checkname="WALLER,TAY" action="MISS" type="JUMPER"></play>
      <play vh="V" time="19:46" uni="01" team="UGA" checkname="LESLIE,TRAVIS" action="REBOUND" type="DEF"></play>
      <play vh="H" time="19:38" uni="34" team="AU" checkname="LETT,JOHNNIE" action="FOUL"></play>
      <play vh="V" time="19:23" uni="34" team="UGA" checkname="JACKSON,ALBERT" action="GOOD" type="JUMPER" paint="Y" vscore="38" hscore="45"></play>
      <play vh="V" time="19:23" uni="33" team="UGA" checkname="THOMPKINS,TREY" action="ASSIST"></play>
      <play vh="H" time="19:14" uni="04" team="AU" checkname="HARGROVE,LUCAS" action="MISS" type="3PTR"></play>
      <play vh="V" time="19:14" uni="33" team="UGA" checkname="THOMPKINS,TREY" action="REBOUND" type="DEF"></play>
      <play vh="H" time="19:06" uni="20" team="AU" checkname="SULLIVAN,FRANKIE" action="FOUL"></play>
      <play vh="V" time="19:04" uni="01" team="UGA" checkname="LESLIE,TRAVIS" action="MISS" type="JUMPER"></play>
      <play vh="H" time="19:04" uni="TM" team="AU" checkname="TEAM" action="REBOUND" type="DEF"></play>
      <play vh="V" time="18:50" uni="33" team="UGA" checkname="THOMPKINS,TREY" action="FOUL"></play>
      <play vh="H" time="18:30" uni="20" team="AU" checkname="SULLIVAN,FRANKIE" action="GOOD" type="3PTR" vscore="38" hscore="48"></play>
      <play vh="H" time="18:30" uni="12" team="AU" checkname="REED,DEWAYNE" action="ASSIST"></play>
      <play vh="V" time="18:04" uni="01" team="UGA" checkname="LESLIE,TRAVIS" action="GOOD" type="JUMPER" vscore="40" hscore="48"></play>
      <play vh="V" time="18:04" uni="03" team="UGA" checkname="WARE,DUSTIN" action="ASSIST"></play>
      <play vh="H" time="17:52" uni="04" team="AU" checkname="HARGROVE,LUCAS" action="GOOD" type="JUMPER" paint="Y" vscore="40" hscore="50"></play>
      <play vh="H" time="17:52" uni="12" team="AU" checkname="REED,DEWAYNE" action="ASSIST"></play>
      <play vh="V" time="17:18" uni="01" team="UGA" checkname="LESLIE,TRAVIS" action="TURNOVER"></play>
      <play vh="H" time="17:18" uni="20" team="AU" checkname="SULLIVAN,FRANKIE" action="STEAL"></play>
      <play vh="H" time="17:18" uni="20" team="AU" checkname="SULLIVAN,FRANKIE" action="TURNOVER"></play>
      <play vh="V" time="17:18" uni="50" team="UGA" checkname="PRICE,JEREMY" action="SUB" type="IN"></play>
      <play vh="V" time="17:18" uni="33" team="UGA" checkname="THOMPKINS,TREY" action="SUB" type="OUT"></play>
      <play vh="V" time="17:13" uni="10" team="UGA" checkname="MCPHEE,RICKY" action="MISS" type="3PTR"></play>
      <play vh="V" time="17:13" uni="50" team="UGA" checkname="PRICE,JEREMY" action="REBOUND" type="OFF"></play>
      <play vh="V" time="17:07" uni="50" team="UGA" checkname="PRICE,JEREMY" action="GOOD" type="LAYUP" paint="Y" vscore="42" hscore="50"></play>
      <play vh="V" time="16:54" uni="34" team="UGA" checkname="JACKSON,ALBERT" action="FOUL"></play>
      <play vh="H" time="16:54" uni="04" team="AU" checkname="HARGROVE,LUCAS" action="MISS" type="FT"></play>
      <play vh="H" time="16:54" uni="TM" team="AU" checkname="TEAM" action="REBOUND" type="DEADB"></play>
      <play vh="H" time="16:54" uni="04" team="AU" checkname="HARGROVE,LUCAS" action="MISS" type="FT"></play>
      <play vh="V" time="16:54" uni="01" team="UGA" checkname="LESLIE,TRAVIS" action="REBOUND" type="DEF"></play>
      <play vh="V" time="16:38" uni="34" team="UGA" checkname="JACKSON,ALBERT" action="TURNOVER"></play>
      <play vh="H" time="16:20" uni="04" team="AU" checkname="HARGROVE,LUCAS" action="MISS" type="JUMPER"></play>
      <play vh="V" time="16:20" uni="01" team="UGA" checkname="LESLIE,TRAVIS" action="REBOUND" type="DEF"></play>
      <play vh="H" time="16:18" uni="30" team="AU" checkname="KNOX,BRENDON" action="SUB" type="IN"></play>
      <play vh="H" time="16:18" uni="34" team="AU" checkname="LETT,JOHNNIE" action="SUB" type="OUT"></play>
      <play vh="H" time="16:00" uni="30" team="AU" checkname="KNOX,BRENDON" action="FOUL"></play>
      <play vh="V" time="15:56" uni="01" team="UGA" checkname="LESLIE,TRAVIS" action="MISS" type="LAYUP"></play>
      <play vh="H" time="15:56" uni="04" team="AU" checkname="HARGROVE,LUCAS" action="REBOUND" type="DEF"></play>
      <play vh="H" time="15:49" uni="12" team="AU" checkname="REED,DEWAYNE" action="MISS" type="3PTR"></play>
      <play vh="V" time="15:49" uni="01" team="UGA" checkname="LESLIE,TRAVIS" action="REBOUND" type="DEF"></play>
      <play vh="V" time="15:33" uni="34" team="UGA" checkname="JACKSON,ALBERT" action="TURNOVER"></play>
      <play vh="H" time="15:33" uni="TM" team="AU" checkname="TEAM" action="TIMEOUT" type="MEDIA"></play>
      <play vh="H" time="15:11" uni="04" team="AU" checkname="HARGROVE,LUCAS" action="GOOD" type="JUMPER" vscore="42" hscore="52"></play>
      <play vh="V" time="14:54" uni="10" team="UGA" checkname="MCPHEE,RICKY" action="FOUL"></play>
      <play vh="V" time="14:54" uni="10" team="UGA" checkname="MCPHEE,RICKY" action="TURNOVER"></play>
      <play vh="V" time="14:54" uni="33" team="UGA" checkname="THOMPKINS,TREY" action="SUB" type="IN"></play>
      <play vh="V" time="14:54" uni="04" team="UGA" checkname="BARNES,CHRIS" action="SUB" type="IN"></play>
      <play vh="V" time="14:54" uni="11" team="UGA" checkname="WILLIAMS,VINCENT" action="SUB" type="IN"></play>
      <play vh="V" time="14:54" uni="34" team="UGA" checkname="JACKSON,ALBERT" action="SUB" type="OUT"></play>
      <play vh="V" time="14:54" uni="03" team="UGA" checkname="WARE,DUSTIN" action="SUB" type="OUT"></play>
      <play vh="V" time="14:54" uni="50" team="UGA" checkname="PRICE,JEREMY" action="SUB" type="OUT"></play>
      <play vh="H" time="14:54" uni="01" team="AU" checkname="MALONE,ANDRE" action="SUB" type="IN"></play>
      <play vh="H" time="14:54" uni="20" team="AU" checkname="SULLIVAN,FRANKIE" action="SUB" type="OUT"></play>
      <play vh="H" time="14:42" uni="24" team="AU" checkname="WALLER,TAY" action="MISS" type="3PTR"></play>
      <play vh="H" time="14:42" uni="30" team="AU" checkname="KNOX,BRENDON" action="REBOUND" type="OFF"></play>
      <play vh="V" time="14:40" uni="33" team="UGA" checkname="THOMPKINS,TREY" action="FOUL"></play>
      <play vh="H" time="14:40" uni="30" team="AU" checkname="KNOX,BRENDON" action="GOOD" type="FT" vscore="42" hscore="53"></play>
      <play vh="H" time="14:40" uni="30" team="AU" checkname="KNOX,BRENDON" action="MISS" type="FT"></play>
      <play vh="H" time="14:40" uni="04" team="AU" checkname="HARGROVE,LUCAS" action="REBOUND" type="OFF"></play>
      <play vh="V" time="14:40" uni="05" team="UGA" checkname="ANYAORAH,EBUKA" action="SUB" type="IN"></play>
      <play vh="V" time="14:40" uni="33" team="UGA" checkname="THOMPKINS,TREY" action="SUB" type="OUT"></play>
      <play vh="H" time="14:19" uni="30" team="AU" checkname="KNOX,BRENDON" action="TURNOVER"></play>
      <play vh="H" time="14:03" uni="01" team="AU" checkname="MALONE,ANDRE" action="FOUL"></play>
      <play vh="V" time="14:03" uni="01" team="UGA" checkname="LESLIE,TRAVIS" action="GOOD" type="FT" vscore="43" hscore="53"></play>
      <play vh="V" time="14:03" uni="01" team="UGA" checkname="LESLIE,TRAVIS" action="GOOD" type="FT" vscore="44" hscore="53"></play>
      <play vh="H" time="13:46" uni="04" team="AU" checkname="HARGROVE,LUCAS" action="GOOD" type="JUMPER" vscore="44" hscore="55"></play>
      <play vh="H" time="13:46" uni="24" team="AU" checkname="WALLER,TAY" action="ASSIST"></play>
      <play vh="V" time="13:28" uni="01" team="UGA" checkname="LESLIE,TRAVIS" action="MISS" type="JUMPER"></play>
      <play vh="V" time="13:28" uni="04" team="UGA" checkname="BARNES,CHRIS" action="REBOUND" type="OFF"></play>
      <play vh="V" time="13:23" uni="04" team="UGA" checkname="BARNES,CHRIS" action="MISS" type="LAYUP"></play>
      <play vh="H" time="13:23" uni="24" team="AU" checkname="WALLER,TAY" action="REBOUND" type="DEF"></play>
      <play vh="H" time="12:57" uni="30" team="AU" checkname="KNOX,BRENDON" action="TURNOVER"></play>
      <play vh="H" time="12:57" uni="11" team="AU" checkname="WALLACE,JOSH" action="SUB" type="IN"></play>
      <play vh="H" time="12:57" uni="12" team="AU" checkname="REED,DEWAYNE" action="SUB" type="OUT"></play>
      <play vh="V" time="12:41" uni="10" team="UGA" checkname="MCPHEE,RICKY" action="TURNOVER"></play>
      <play vh="H" time="12:40" uni="01" team="AU" checkname="MALONE,ANDRE" action="STEAL"></play>
      <play vh="H" time="12:34" uni="24" team="AU" checkname="WALLER,TAY" action="MISS" type="3PTR"></play>
      <play vh="H" time="12:34" uni="TM" team="AU" checkname="TEAM" action="REBOUND" type="OFF"></play>
      <play vh="V" time="12:30" uni="41" team="UGA" checkname="ZLOVARIC,DRAZEN" action="SUB" type="IN"></play>
      <play vh="V" time="12:30" uni="10" team="UGA" checkname="MCPHEE,RICKY" action="SUB" type="OUT"></play>
      <play vh="H" time="12:30" uni="20" team="AU" checkname="SULLIVAN,FRANKIE" action="SUB" type="IN"></play>
      <play vh="H" time="12:30" uni="34" team="AU" checkname="LETT,JOHNNIE" action="SUB" type="IN"></play>
      <play vh="H" time="12:30" uni="30" team="AU" checkname="KNOX,BRENDON" action="SUB" type="OUT"></play>
      <play vh="H" time="12:30" uni="24" team="AU" checkname="WALLER,TAY" action="SUB" type="OUT"></play>
      <play vh="H" time="12:17" uni="20" team="AU" checkname="SULLIVAN,FRANKIE" action="MISS" type="3PTR"></play>
      <play vh="V" time="12:17" uni="01" team="UGA" checkname="LESLIE,TRAVIS" action="REBOUND" type="DEF"></play>
      <play vh="V" time="12:08" uni="11" team="UGA" checkname="WILLIAMS,VINCENT" action="MISS" type="JUMPER"></play>
      <play vh="H" time="12:08" uni="TM" team="AU" checkname="TEAM" action="REBOUND" type="DEF"></play>
      <play vh="H" time="11:33" uni="34" team="AU" checkname="LETT,JOHNNIE" action="GOOD" type="LAYUP" paint="Y" vscore="44" hscore="57"></play>
      <play vh="H" time="11:33" uni="11" team="AU" checkname="WALLACE,JOSH" action="ASSIST"></play>
      <play vh="V" time="11:19" uni="TM" team="UGA" checkname="TEAM" action="TIMEOUT" type="30SEC"></play>
      <play vh="V" time="11:19" uni="33" team="UGA" checkname="THOMPKINS,TREY" action="SUB" type="IN"></play>
      <play vh="V" time="11:19" uni="34" team="UGA" checkname="JACKSON,ALBERT" action="SUB" type="IN"></play>
      <play vh="V" time="11:19" uni="10" team="UGA" checkname="MCPHEE,RICKY" action="SUB" type="IN"></play>
      <play vh="V" time="11:19" uni="03" team="UGA" checkname="WARE,DUSTIN" action="SUB" type="IN"></play>
      <play vh="V" time="11:19" uni="41" team="UGA" checkname="ZLOVARIC,DRAZEN" action="SUB" type="OUT"></play>
      <play vh="V" time="11:19" uni="04" team="UGA" checkname="BARNES,CHRIS" action="SUB" type="OUT"></play>
      <play vh="V" time="11:19" uni="11" team="UGA" checkname="WILLIAMS,VINCENT" action="SUB" type="OUT"></play>
      <play vh="V" time="11:19" uni="05" team="UGA" checkname="ANYAORAH,EBUKA" action="SUB" type="OUT"></play>
      <play vh="H" time="11:16" uni="01" team="AU" checkname="MALONE,ANDRE" action="FOUL"></play>
      <play vh="V" time="11:16" uni="TM" team="UGA" checkname="TEAM" action="TIMEOUT" type="MEDIA"></play>
      <play vh="V" time="11:10" uni="10" team="UGA" checkname="MCPHEE,RICKY" action="MISS" type="3PTR"></play>
      <play vh="V" time="11:10" uni="01" team="UGA" checkname="LESLIE,TRAVIS" action="REBOUND" type="OFF"></play>
      <play vh="V" time="11:05" uni="01" team="UGA" checkname="LESLIE,TRAVIS" action="MISS" type="LAYUP"></play>
      <play vh="V" time="11:05" uni="01" team="UGA" checkname="LESLIE,TRAVIS" action="REBOUND" type="OFF"></play>
      <play vh="V" time="10:53" uni="01" team="UGA" checkname="LESLIE,TRAVIS" action="GOOD" type="JUMPER" vscore="46" hscore="57"></play>
      <play vh="H" time="10:33" uni="01" team="AU" checkname="MALONE,ANDRE" action="MISS" type="3PTR"></play>
      <play vh="H" time="10:33" uni="04" team="AU" checkname="HARGROVE,LUCAS" action="REBOUND" type="OFF"></play>
      <play vh="H" time="10:24" uni="20" team="AU" checkname="SULLIVAN,FRANKIE" action="GOOD" type="3PTR" vscore="46" hscore="60"></play>
      <play vh="H" time="10:24" uni="11" team="AU" checkname="WALLACE,JOSH" action="ASSIST"></play>
      <play vh="V" time="10:10" uni="41" team="UGA" checkname="ZLOVARIC,DRAZEN" action="SUB" type="IN"></play>
      <play vh="V" time="10:10" uni="01" team="UGA" checkname="LESLIE,TRAVIS" action="SUB" type="OUT"></play>
      <play vh="H" time="10:10" uni="33" team="AU" checkname="ROSS,EARNEST" action="SUB" type="IN"></play>
      <play vh="H" time="10:10" uni="01" team="AU" checkname="MALONE,ANDRE" action="SUB" type="OUT"></play>
      <play vh="V" time="09:54" uni="10" team="UGA" checkname="MCPHEE,RICKY" action="MISS" type="JUMPER"></play>
      <play vh="V" time="09:54" uni="33" team="UGA" checkname="THOMPKINS,TREY" action="REBOUND" type="OFF"></play>
      <play vh="V" time="09:49" uni="41" team="UGA" checkname="ZLOVARIC,DRAZEN" action="TURNOVER"></play>
      <play vh="H" time="09:26" uni="33" team="AU" checkname="ROSS,EARNEST" action="TURNOVER"></play>
      <play vh="H" time="09:26" uni="12" team="AU" checkname="REED,DEWAYNE" action="SUB" type="IN"></play>
      <play vh="H" time="09:26" uni="11" team="AU" checkname="WALLACE,JOSH" action="SUB" type="OUT"></play>
      <play vh="H" time="09:17" uni="04" team="AU" checkname="HARGROVE,LUCAS" action="FOUL"></play>
      <play vh="V" time="09:17" uni="50" team="UGA" checkname="PRICE,JEREMY" action="SUB" type="IN"></play>
      <play vh="V" time="09:17" uni="34" team="UGA" checkname="JACKSON,ALBERT" action="SUB" type="OUT"></play>
      <play vh="V" time="09:08" uni="33" team="UGA" checkname="THOMPKINS,TREY" action="GOOD" type="LAYUP" paint="Y" vscore="48" hscore="60"></play>
      <play vh="V" time="09:08" uni="50" team="UGA" checkname="PRICE,JEREMY" action="ASSIST"></play>
      <play vh="H" time="08:48" uni="12" team="AU" checkname="REED,DEWAYNE" action="MISS" type="3PTR"></play>
      <play vh="V" time="08:48" uni="33" team="UGA" checkname="THOMPKINS,TREY" action="REBOUND" type="DEF"></play>
      <play vh="V" time="08:44" uni="33" team="UGA" checkname="THOMPKINS,TREY" action="TURNOVER"></play>
      <play vh="H" time="08:43" uni="20" team="AU" checkname="SULLIVAN,FRANKIE" action="STEAL"></play>
      <play vh="H" time="08:39" uni="20" team="AU" checkname="SULLIVAN,FRANKIE" action="MISS" type="LAYUP"></play>
      <play vh="H" time="08:39" uni="33" team="AU" checkname="ROSS,EARNEST" action="REBOUND" type="OFF"></play>
      <play vh="H" time="08:36" uni="33" team="AU" checkname="ROSS,EARNEST" action="MISS" type="TIPIN"></play>
      <play vh="V" time="08:36" uni="33" team="UGA" checkname="THOMPKINS,TREY" action="REBOUND" type="DEF"></play>
      <play vh="V" time="08:33" uni="33" team="UGA" checkname="THOMPKINS,TREY" action="TURNOVER"></play>
      <play vh="H" time="08:33" uni="20" team="AU" checkname="SULLIVAN,FRANKIE" action="STEAL"></play>
      <play vh="V" time="08:33" uni="33" team="UGA" checkname="THOMPKINS,TREY" action="FOUL"></play>
      <play vh="V" time="08:33" uni="05" team="UGA" checkname="ANYAORAH,EBUKA" action="SUB" type="IN"></play>
      <play vh="V" time="08:33" uni="01" team="UGA" checkname="LESLIE,TRAVIS" action="SUB" type="IN"></play>
      <play vh="V" time="08:33" uni="33" team="UGA" checkname="THOMPKINS,TREY" action="SUB" type="OUT"></play>
      <play vh="V" time="08:33" uni="41" team="UGA" checkname="ZLOVARIC,DRAZEN" action="SUB" type="OUT"></play>
      <play vh="H" time="08:33" uni="24" team="AU" checkname="WALLER,TAY" action="SUB" type="IN"></play>
      <play vh="H" time="08:33" uni="33" team="AU" checkname="ROSS,EARNEST" action="SUB" type="OUT"></play>
      <play vh="H" time="08:25" uni="12" team="AU" checkname="REED,DEWAYNE" action="GOOD" type="LAYUP" paint="Y" vscore="48" hscore="62"></play>
      <play vh="V" time="08:03" uni="03" team="UGA" checkname="WARE,DUSTIN" action="MISS" type="3PTR"></play>
      <play vh="H" time="08:03" uni="34" team="AU" checkname="LETT,JOHNNIE" action="REBOUND" type="DEF"></play>
      <play vh="H" time="07:54" uni="12" team="AU" checkname="REED,DEWAYNE" action="GOOD" type="LAYUP" paint="Y" vscore="48" hscore="64"></play>
      <play vh="V" time="07:43" uni="TM" team="UGA" checkname="TEAM" action="TIMEOUT" type="30SEC"></play>
      <play vh="H" time="07:43" uni="30" team="AU" checkname="KNOX,BRENDON" action="SUB" type="IN"></play>
      <play vh="H" time="07:43" uni="34" team="AU" checkname="LETT,JOHNNIE" action="SUB" type="OUT"></play>
      <play vh="H" time="07:35" uni="20" team="AU" checkname="SULLIVAN,FRANKIE" action="FOUL"></play>
      <play vh="V" time="07:35" uni="TM" team="UGA" checkname="TEAM" action="TIMEOUT" type="MEDIA"></play>
      <play vh="V" time="07:35" uni="01" team="UGA" checkname="LESLIE,TRAVIS" action="MISS" type="FT"></play>
      <play vh="H" time="07:35" uni="04" team="AU" checkname="HARGROVE,LUCAS" action="REBOUND" type="DEF"></play>
      <play vh="V" time="07:34" uni="05" team="UGA" checkname="ANYAORAH,EBUKA" action="FOUL"></play>
      <play vh="H" time="07:16" uni="04" team="AU" checkname="HARGROVE,LUCAS" action="TURNOVER"></play>
      <play vh="V" time="07:14" uni="05" team="UGA" checkname="ANYAORAH,EBUKA" action="STEAL"></play>
      <play vh="V" time="07:04" uni="01" team="UGA" checkname="LESLIE,TRAVIS" action="MISS" type="3PTR"></play>
      <play vh="H" time="07:04" uni="TM" team="AU" checkname="TEAM" action="REBOUND" type="DEADB"></play>
      <play vh="V" time="07:04" uni="10" team="UGA" checkname="MCPHEE,RICKY" action="FOUL"></play>
      <play vh="H" time="07:04" uni="24" team="AU" checkname="WALLER,TAY" action="GOOD" type="FT" vscore="48" hscore="65"></play>
      <play vh="H" time="07:04" uni="24" team="AU" checkname="WALLER,TAY" action="GOOD" type="FT" vscore="48" hscore="66"></play>
      <play vh="H" time="06:53" uni="04" team="AU" checkname="HARGROVE,LUCAS" action="FOUL"></play>
      <play vh="V" time="06:53" uni="05" team="UGA" checkname="ANYAORAH,EBUKA" action="GOOD" type="FT" vscore="49" hscore="66"></play>
      <play vh="V" time="06:53" uni="05" team="UGA" checkname="ANYAORAH,EBUKA" action="GOOD" type="FT" vscore="50" hscore="66"></play>
      <play vh="H" time="06:29" uni="24" team="AU" checkname="WALLER,TAY" action="TURNOVER"></play>
      <play vh="V" time="06:27" uni="01" team="UGA" checkname="LESLIE,TRAVIS" action="STEAL"></play>
      <play vh="V" time="06:24" uni="10" team="UGA" checkname="MCPHEE,RICKY" action="TURNOVER"></play>
      <play vh="V" time="06:24" uni="11" team="UGA" checkname="WILLIAMS,VINCENT" action="SUB" type="IN"></play>
      <play vh="V" time="06:24" uni="10" team="UGA" checkname="MCPHEE,RICKY" action="SUB" type="OUT"></play>
      <play vh="H" time="06:11" uni="20" team="AU" checkname="SULLIVAN,FRANKIE" action="GOOD" type="3PTR" vscore="50" hscore="69"></play>
      <play vh="H" time="06:11" uni="04" team="AU" checkname="HARGROVE,LUCAS" action="ASSIST"></play>
      <play vh="V" time="05:52" uni="11" team="UGA" checkname="WILLIAMS,VINCENT" action="GOOD" type="3PTR" vscore="53" hscore="69"></play>
      <play vh="V" time="05:52" uni="03" team="UGA" checkname="WARE,DUSTIN" action="ASSIST"></play>
      <play vh="H" time="05:43" uni="12" team="AU" checkname="REED,DEWAYNE" action="MISS" type="LAYUP"></play>
      <play vh="V" time="05:43" uni="50" team="UGA" checkname="PRICE,JEREMY" action="REBOUND" type="DEF"></play>
      <play vh="V" time="05:37" uni="01" team="UGA" checkname="LESLIE,TRAVIS" action="FOUL"></play>
      <play vh="V" time="05:37" uni="01" team="UGA" checkname="LESLIE,TRAVIS" action="TURNOVER"></play>
      <play vh="H" time="05:37" uni="12" team="AU" checkname="REED,DEWAYNE" action="FOUL" type="TECH"></play>
      <play vh="H" time="05:37" uni="12" team="AU" checkname="REED,DEWAYNE" action="FOUL"></play>
      <play vh="V" time="05:37" uni="05" team="UGA" checkname="ANYAORAH,EBUKA" action="GOOD" type="FT" vscore="54" hscore="69"></play>
      <play vh="V" time="05:37" uni="05" team="UGA" checkname="ANYAORAH,EBUKA" action="GOOD" type="FT" vscore="55" hscore="69"></play>
      <play vh="H" time="05:37" uni="11" team="AU" checkname="WALLACE,JOSH" action="SUB" type="IN"></play>
      <play vh="H" time="05:37" uni="12" team="AU" checkname="REED,DEWAYNE" action="SUB" type="OUT"></play>
      <play vh="H" time="05:14" uni="04" team="AU" checkname="HARGROVE,LUCAS" action="GOOD" type="JUMPER" paint="Y" vscore="55" hscore="71"></play>
      <play vh="V" time="05:00" uni="03" team="UGA" checkname="WARE,DUSTIN" action="GOOD" type="JUMPER" paint="Y" vscore="57" hscore="71"></play>
      <play vh="V" time="04:31" uni="11" team="UGA" checkname="WILLIAMS,VINCENT" action="FOUL"></play>
      <play vh="H" time="04:31" uni="24" team="AU" checkname="WALLER,TAY" action="GOOD" type="FT" vscore="57" hscore="72"></play>
      <play vh="H" time="04:31" uni="24" team="AU" checkname="WALLER,TAY" action="GOOD" type="FT" vscore="57" hscore="73"></play>
      <play vh="H" time="04:31" uni="24" team="AU" checkname="WALLER,TAY" action="GOOD" type="FT" vscore="57" hscore="74"></play>
      <play vh="V" time="04:31" uni="10" team="UGA" checkname="MCPHEE,RICKY" action="SUB" type="IN"></play>
      <play vh="V" time="04:31" uni="11" team="UGA" checkname="WILLIAMS,VINCENT" action="SUB" type="OUT"></play>
      <play vh="V" time="04:17" uni="03" team="UGA" checkname="WARE,DUSTIN" action="GOOD" type="JUMPER" vscore="59" hscore="74"></play>
      <play vh="V" time="04:17" uni="10" team="UGA" checkname="MCPHEE,RICKY" action="ASSIST"></play>
      <play vh="H" time="04:02" uni="30" team="AU" checkname="KNOX,BRENDON" action="TURNOVER"></play>
      <play vh="V" time="03:48" uni="10" team="UGA" checkname="MCPHEE,RICKY" action="MISS" type="3PTR"></play>
      <play vh="H" time="03:48" uni="TM" team="AU" checkname="TEAM" action="REBOUND" type="DEADB"></play>
      <play vh="V" time="03:46" uni="01" team="UGA" checkname="LESLIE,TRAVIS" action="FOUL"></play>
      <play vh="H" time="03:46" uni="TM" team="AU" checkname="TEAM" action="TIMEOUT" type="media"></play>
      <play vh="H" time="03:46" uni="20" team="AU" checkname="SULLIVAN,FRANKIE" action="GOOD" type="FT" vscore="59" hscore="75"></play>
      <play vh="H" time="03:46" uni="20" team="AU" checkname="SULLIVAN,FRANKIE" action="GOOD" type="FT" vscore="59" hscore="76"></play>
      <play vh="V" time="03:33" uni="10" team="UGA" checkname="MCPHEE,RICKY" action="TURNOVER"></play>
      <play vh="H" time="03:14" uni="04" team="AU" checkname="HARGROVE,LUCAS" action="TURNOVER"></play>
      <play vh="H" time="03:05" uni="20" team="AU" checkname="SULLIVAN,FRANKIE" action="FOUL"></play>
      <play vh="V" time="03:05" uni="01" team="UGA" checkname="LESLIE,TRAVIS" action="MISS" type="FT"></play>
      <play vh="V" time="03:05" uni="TM" team="UGA" checkname="TEAM" action="REBOUND" type="DEADB"></play>
      <play vh="V" time="03:05" uni="01" team="UGA" checkname="LESLIE,TRAVIS" action="GOOD" type="FT" vscore="60" hscore="76"></play>
      <play vh="H" time="02:49" uni="20" team="AU" checkname="SULLIVAN,FRANKIE" action="TURNOVER"></play>
      <play vh="V" time="02:48" uni="10" team="UGA" checkname="MCPHEE,RICKY" action="STEAL"></play>
      <play vh="V" time="02:46" uni="10" team="UGA" checkname="MCPHEE,RICKY" action="MISS" type="LAYUP"></play>
      <play vh="H" time="02:46" uni="24" team="AU" checkname="WALLER,TAY" action="REBOUND" type="DEF"></play>
      <play vh="H" time="02:30" uni="24" team="AU" checkname="WALLER,TAY" action="GOOD" type="JUMPER" vscore="60" hscore="78"></play>
      <play vh="H" time="02:07" uni="30" team="AU" checkname="KNOX,BRENDON" action="FOUL"></play>
      <play vh="V" time="02:07" uni="50" team="UGA" checkname="PRICE,JEREMY" action="GOOD" type="FT" vscore="61" hscore="78"></play>
      <play vh="V" time="02:07" uni="50" team="UGA" checkname="PRICE,JEREMY" action="GOOD" type="FT" vscore="62" hscore="78"></play>
      <play vh="V" time="02:07" uni="11" team="UGA" checkname="WILLIAMS,VINCENT" action="SUB" type="IN"></play>
      <play vh="V" time="02:07" uni="10" team="UGA" checkname="MCPHEE,RICKY" action="SUB" type="OUT"></play>
      <play vh="H" time="02:07" uni="10" team="AU" checkname="WILLIAMS,LARRY" action="SUB" type="IN"></play>
      <play vh="H" time="02:07" uni="25" team="AU" checkname="DRUM,JAKE" action="SUB" type="IN"></play>
      <play vh="H" time="02:07" uni="41" team="AU" checkname="CHUBB,ROB" action="SUB" type="IN"></play>
      <play vh="H" time="02:07" uni="04" team="AU" checkname="HARGROVE,LUCAS" action="SUB" type="OUT"></play>
      <play vh="H" time="02:07" uni="20" team="AU" checkname="SULLIVAN,FRANKIE" action="SUB" type="OUT"></play>
      <play vh="H" time="02:07" uni="30" team="AU" checkname="KNOX,BRENDON" action="SUB" type="OUT"></play>
      <play vh="H" time="01:46" uni="41" team="AU" checkname="CHUBB,ROB" action="MISS" type="LAYUP"></play>
      <play vh="H" time="01:46" uni="25" team="AU" checkname="DRUM,JAKE" action="REBOUND" type="OFF"></play>
      <play vh="H" time="01:43" uni="25" team="AU" checkname="DRUM,JAKE" action="GOOD" type="TIPIN" paint="Y" vscore="62" hscore="80"></play>
      <play vh="V" time="01:31" uni="05" team="UGA" checkname="ANYAORAH,EBUKA" action="MISS" type="LAYUP"></play>
      <play vh="H" time="01:31" uni="25" team="AU" checkname="DRUM,JAKE" action="REBOUND" type="DEF"></play>
      <play vh="H" time="01:24" uni="10" team="AU" checkname="WILLIAMS,LARRY" action="MISS" type="3PTR"></play>
      <play vh="V" time="01:24" uni="05" team="UGA" checkname="ANYAORAH,EBUKA" action="REBOUND" type="DEF"></play>
      <play vh="H" time="01:14" uni="25" team="AU" checkname="DRUM,JAKE" action="FOUL"></play>
      <play vh="V" time="01:14" uni="01" team="UGA" checkname="LESLIE,TRAVIS" action="GOOD" type="FT" vscore="63" hscore="80"></play>
      <play vh="V" time="01:14" uni="01" team="UGA" checkname="LESLIE,TRAVIS" action="MISS" type="FT"></play>
      <play vh="H" time="01:14" uni="TM" team="AU" checkname="TEAM" action="REBOUND" type="DEF"></play>
      <play vh="H" time="01:14" uni="01" team="AU" checkname="MALONE,ANDRE" action="SUB" type="IN"></play>
      <play vh="H" time="01:14" uni="24" team="AU" checkname="WALLER,TAY" action="SUB" type="OUT"></play>
      <play vh="V" time="01:12" uni="41" team="UGA" checkname="ZLOVARIC,DRAZEN" action="SUB" type="IN"></play>
      <play vh="V" time="01:12" uni="01" team="UGA" checkname="LESLIE,TRAVIS" action="SUB" type="OUT"></play>
      <play vh="H" time="00:58" uni="01" team="AU" checkname="MALONE,ANDRE" action="MISS" type="DUNK"></play>
      <play vh="V" time="00:58" uni="05" team="UGA" checkname="ANYAORAH,EBUKA" action="BLOCK"></play>
      <play vh="V" time="00:56" uni="50" team="UGA" checkname="PRICE,JEREMY" action="REBOUND" type="DEF"></play>
      <play vh="V" time="00:52" uni="03" team="UGA" checkname="WARE,DUSTIN" action="MISS" type="3PTR"></play>
      <play vh="H" time="00:52" uni="01" team="AU" checkname="MALONE,ANDRE" action="REBOUND" type="DEF"></play>
      <play vh="V" time="00:49" uni="25" team="UGA" checkname="WHATLEY,TYLER" action="SUB" type="IN"></play>
      <play vh="V" time="00:49" uni="50" team="UGA" checkname="PRICE,JEREMY" action="SUB" type="OUT"></play>
      <play vh="H" time="00:32" uni="11" team="AU" checkname="WALLACE,JOSH" action="GOOD" type="JUMPER" paint="Y" vscore="63" hscore="82"></play>
      <play vh="V" time="00:25" uni="11" team="UGA" checkname="WILLIAMS,VINCENT" action="MISS" type="JUMPER"></play>
      <play vh="H" time="00:25" uni="10" team="AU" checkname="WILLIAMS,LARRY" action="REBOUND" type="DEF"></play>
      <clock time="00:00"></clock>
    </period>
  </plays>
</bbgame>