Year,Month,County,Type,Sales
2016,1,Adams,Recreational,2544485.0
2016,1,Arapahoe,Recreational,5949573.0
2016,1,Archuleta,Recreational,
2016,1,Boulder,Recreational,4499880.0
2016,1,Chaffee,Recreational,268240.0
2016,1,Clear Creek,Recreational,550192.0
2016,1,Conejos,Recreational,
2016,1,Costilla,Recreational,
2016,1,Denver,Recreational,18969263.0
2016,1,Eagle,Recreational,1214652.0
2016,1,El Paso,Recreational,
2016,1,Garfield,Recreational,821090.0
2016,1,Gilpin,Recreational,136475.0
2016,1,Grand,Recreational,287813.0
2016,1,Gunnison,Recreational,400086.0
2016,1,Huerfano,Recreational,
2016,1,Jefferson,Recreational,3020022.0
2016,1,Lake,Recreational,
2016,1,La Plata,Recreational,1396817.0
2016,1,Larimer,Recreational,2708125.0
2016,1,Las Animas,Recreational,922872.0
2016,1,Mesa,Recreational,
2016,1,Montezuma,Recreational,532773.0
2016,1,Morgan,Recreational,
2016,1,Ouray,Recreational,
2016,1,Park,Recreational,187006.0
2016,1,Pitkin,Recreational,1008558.0
2016,1,Pueblo,Recreational,1466234.0
2016,1,Routt,Recreational,792416.0
2016,1,Saguache,Recreational,
2016,1,San Juan,Recreational,
2016,1,San Miguel,Recreational,385569.0
2016,1,Sedgwick,Recreational,
2016,1,Summit,Recreational,2338782.0
2016,1,Weld,Recreational,1793538.0
2016,2,Adams,Recreational,2597102.0
2016,2,Arapahoe,Recreational,6229934.0
2016,2,Archuleta,Recreational,
2016,2,Boulder,Recreational,4477304.0
2016,2,Chaffee,Recreational,281840.0
2016,2,Clear Creek,Recreational,535811.0
2016,2,Conejos,Recreational,163449.0
2016,2,Costilla,Recreational,153417.0
2016,2,Denver,Recreational,19129746.0
2016,2,Eagle,Recreational,1176777.0
2016,2,El Paso,Recreational,
2016,2,Garfield,Recreational,860185.0
2016,2,Gilpin,Recreational,172887.0
2016,2,Grand,Recreational,279018.0
2016,2,Gunnison,Recreational,413264.0
2016,2,Huerfano,Recreational,
2016,2,Jefferson,Recreational,2970642.0
2016,2,Lake,Recreational,
2016,2,La Plata,Recreational,1484507.0
2016,2,Larimer,Recreational,2878307.0
2016,2,Las Animas,Recreational,1012648.0
2016,2,Mesa,Recreational,
2016,2,Montezuma,Recreational,600808.0
2016,2,Morgan,Recreational,
2016,2,Ouray,Recreational,
2016,2,Park,Recreational,176302.0
2016,2,Pitkin,Recreational,964350.0
2016,2,Pueblo,Recreational,1686427.0
2016,2,Routt,Recreational,772020.0
2016,2,Saguache,Recreational,
2016,2,San Juan,Recreational,
2016,2,San Miguel,Recreational,339892.0
2016,2,Sedgwick,Recreational,
2016,2,Summit,Recreational,2116576.0
2016,2,Weld,Recreational,1866786.0
2016,3,Adams,Recreational,2909379.0
2016,3,Arapahoe,Recreational,7112616.0
2016,3,Archuleta,Recreational,
2016,3,Boulder,Recreational,5138199.0
2016,3,Chaffee,Recreational,350973.0
2016,3,Clear Creek,Recreational,561094.0
2016,3,Conejos,Recreational,211950.0
2016,3,Costilla,Recreational,195952.0
2016,3,Denver,Recreational,21459311.0
2016,3,Eagle,Recreational,1283537.0
2016,3,El Paso,Recreational,
2016,3,Garfield,Recreational,1095523.0
2016,3,Gilpin,Recreational,188204.0
2016,3,Grand,Recreational,360353.0
2016,3,Gunnison,Recreational,490823.0
2016,3,Huerfano,Recreational,
2016,3,Jefferson,Recreational,3327498.0
2016,3,Lake,Recreational,
2016,3,La Plata,Recreational,1679875.0
2016,3,Larimer,Recreational,3197373.0
2016,3,Las Animas,Recreational,1284687.0
2016,3,Mesa,Recreational,
2016,3,Montezuma,Recreational,728890.0
2016,3,Morgan,Recreational,
2016,3,Ouray,Recreational,
2016,3,Park,Recreational,229022.0
2016,3,Pitkin,Recreational,1082334.0
2016,3,Pueblo,Recreational,2074591.0
2016,3,Routt,Recreational,759132.0
2016,3,Saguache,Recreational,
2016,3,San Juan,Recreational,
2016,3,San Miguel,Recreational,
2016,3,Sedgwick,Recreational,
2016,3,Summit,Recreational,2395692.0
2016,3,Weld,Recreational,2034731.0
2016,4,Adams,Recreational,3187313.0
2016,4,Arapahoe,Recreational,7531661.0
2016,4,Archuleta,Recreational,
2016,4,Boulder,Recreational,5082136.0
2016,4,Chaffee,Recreational,300638.0
2016,4,Clear Creek,Recreational,423714.0
2016,4,Conejos,Recreational,221411.0
2016,4,Costilla,Recreational,184198.0
2016,4,Denver,Recreational,22606396.0
2016,4,Eagle,Recreational,820436.0
2016,4,El Paso,Recreational,
2016,4,Garfield,Recreational,1153014.0
2016,4,Gilpin,Recreational,190800.0
2016,4,Grand,Recreational,233601.0
2016,4,Gunnison,Recreational,325678.0
2016,4,Huerfano,Recreational,
2016,4,Jefferson,Recreational,3572554.0
2016,4,Lake,Recreational,
2016,4,La Plata,Recreational,1598561.0
2016,4,Larimer,Recreational,3233416.0
2016,4,Las Animas,Recreational,1258520.0
2016,4,Mesa,Recreational,
2016,4,Montezuma,Recreational,727306.0
2016,4,Morgan,Recreational,
2016,4,Ouray,Recreational,
2016,4,Park,Recreational,199423.0
2016,4,Pitkin,Recreational,501414.0
2016,4,Pueblo,Recreational,2069169.0
2016,4,Routt,Recreational,550366.0
2016,4,Saguache,Recreational,
2016,4,San Juan,Recreational,
2016,4,San Miguel,Recreational,138111.0
2016,4,Sedgwick,Recreational,
2016,4,Summit,Recreational,1391044.0
2016,4,Weld,Recreational,2029498.0
2016,5,Adams,Recreational,3360096.0
2016,5,Arapahoe,Recreational,7426175.0
2016,5,Archuleta,Recreational,
2016,5,Boulder,Recreational,5315292.0
2016,5,Chaffee,Recreational,333276.0
2016,5,Clear Creek,Recreational,452848.0
2016,5,Conejos,Recreational,257716.0
2016,5,Costilla,Recreational,223862.0
2016,5,Denver,Recreational,21615189.0
2016,5,Eagle,Recreational,650881.0
2016,5,El Paso,Recreational,
2016,5,Garfield,Recreational,1210134.0
2016,5,Gilpin,Recreational,225826.0
2016,5,Grand,Recreational,189787.0
2016,5,Gunnison,Recreational,344705.0
2016,5,Huerfano,Recreational,
2016,5,Jefferson,Recreational,3572041.0
2016,5,Lake,Recreational,147684.0
2016,5,La Plata,Recreational,1740113.0
2016,5,Larimer,Recreational,3465166.0
2016,5,Las Animas,Recreational,1456567.0
2016,5,Mesa,Recreational,
2016,5,Montezuma,Recreational,842550.0
2016,5,Morgan,Recreational,543167.0
2016,5,Ouray,Recreational,325887.0
2016,5,Park,Recreational,237775.0
2016,5,Pitkin,Recreational,392581.0
2016,5,Pueblo,Recreational,2184317.0
2016,5,Routt,Recreational,514632.0
2016,5,Saguache,Recreational,
2016,5,San Juan,Recreational,
2016,5,San Miguel,Recreational,157740.0
2016,5,Sedgwick,Recreational,
2016,5,Summit,Recreational,991298.0
2016,5,Weld,Recreational,2043048.0
2016,6,Adams,Recreational,3434567.0
2016,6,Arapahoe,Recreational,7565406.0
2016,6,Archuleta,Recreational,
2016,6,Boulder,Recreational,5541278.0
2016,6,Chaffee,Recreational,455848.0
2016,6,Clear Creek,Recreational,553669.0
2016,6,Conejos,Recreational,332403.0
2016,6,Costilla,Recreational,265269.0
2016,6,Denver,Recreational,21841675.0
2016,6,Eagle,Recreational,842569.0
2016,6,El Paso,Recreational,
2016,6,Garfield,Recreational,1333408.0
2016,6,Gilpin,Recreational,243952.0
2016,6,Grand,Recreational,261059.0
2016,6,Gunnison,Recreational,479935.0
2016,6,Huerfano,Recreational,
2016,6,Jefferson,Recreational,3753947.0
2016,6,Lake,Recreational,206574.0
2016,6,La Plata,Recreational,1939519.0
2016,6,Larimer,Recreational,3648840.0
2016,6,Las Animas,Recreational,1622815.0
2016,6,Mesa,Recreational,
2016,6,Montezuma,Recreational,914168.0
2016,6,Morgan,Recreational,549251.0
2016,6,Ouray,Recreational,
2016,6,Park,Recreational,299449.0
2016,6,Pitkin,Recreational,673427.0
2016,6,Pueblo,Recreational,2365115.0
2016,6,Routt,Recreational,649366.0
2016,6,Saguache,Recreational,
2016,6,San Juan,Recreational,
2016,6,San Miguel,Recreational,329083.0
2016,6,Sedgwick,Recreational,
2016,6,Summit,Recreational,1253529.0
2016,6,Weld,Recreational,2024804.0
2016,7,Adams,Recreational,4154813.0
2016,7,Arapahoe,Recreational,8738376.0
2016,7,Archuleta,Recreational,
2016,7,Boulder,Recreational,6365624.0
2016,7,Chaffee,Recreational,
2016,7,Clear Creek,Recreational,672704.0
2016,7,Conejos,Recreational,436196.0
2016,7,Costilla,Recreational,383906.0
2016,7,Denver,Recreational,25938973.0
2016,7,Eagle,Recreational,1111856.0
2016,7,El Paso,Recreational,
2016,7,Garfield,Recreational,1628885.0
2016,7,Gilpin,Recreational,267260.0
2016,7,Grand,Recreational,381080.0
2016,7,Gunnison,Recreational,459794.0
2016,7,Huerfano,Recreational,
2016,7,Jefferson,Recreational,4318330.0
2016,7,Lake,Recreational,274691.0
2016,7,La Plata,Recreational,2306604.0
2016,7,Larimer,Recreational,4181160.0
2016,7,Las Animas,Recreational,2179979.0
2016,7,Mesa,Recreational,
2016,7,Montezuma,Recreational,1187679.0
2016,7,Morgan,Recreational,634140.0
2016,7,Ouray,Recreational,505470.0
2016,7,Park,Recreational,381198.0
2016,7,Pitkin,Recreational,1062245.0
2016,7,Pueblo,Recreational,2995085.0
2016,7,Routt,Recreational,882414.0
2016,7,Saguache,Recreational,
2016,7,San Juan,Recreational,
2016,7,San Miguel,Recreational,446217.0
2016,7,Sedgwick,Recreational,
2016,7,Summit,Recreational,1760408.0
2016,7,Weld,Recreational,2381224.0
2016,8,Adams,Recreational,4444010.0
2016,8,Arapahoe,Recreational,9084765.0
2016,8,Archuleta,Recreational,
2016,8,Boulder,Recreational,6420613.0
2016,8,Chaffee,Recreational,
2016,8,Clear Creek,Recreational,660536.0
2016,8,Conejos,Recreational,424132.0
2016,8,Costilla,Recreational,369689.0
2016,8,Denver,Recreational,27642402.0
2016,8,Eagle,Recreational,1120217.0
2016,8,El Paso,Recreational,
2016,8,Garfield,Recreational,1712513.0
2016,8,Gilpin,Recreational,284116.0
2016,8,Grand,Recreational,401001.0
2016,8,Gunnison,Recreational,477649.0
2016,8,Huerfano,Recreational,
2016,8,Jefferson,Recreational,4468831.0
2016,8,Lake,Recreational,297877.0
2016,8,La Plata,Recreational,2212954.0
2016,8,Larimer,Recreational,4318202.0
2016,8,Las Animas,Recreational,2193813.0
2016,8,Mesa,Recreational,
2016,8,Montezuma,Recreational,1297984.0
2016,8,Morgan,Recreational,
2016,8,Ouray,Recreational,492384.0
2016,8,Park,Recreational,378230.0
2016,8,Pitkin,Recreational,1017858.0
2016,8,Pueblo,Recreational,2940830.0
2016,8,Routt,Recreational,888583.0
2016,8,Saguache,Recreational,
2016,8,San Juan,Recreational,
2016,8,San Miguel,Recreational,411794.0
2016,8,Sedgwick,Recreational,
2016,8,Summit,Recreational,1702918.0
2016,8,Weld,Recreational,2444651.0
2016,9,Adams,Recreational,4668880.0
2016,9,Arapahoe,Recreational,9183907.0
2016,9,Archuleta,Recreational,
2016,9,Boulder,Recreational,6306894.0
2016,9,Chaffee,Recreational,489993.0
2016,9,Clear Creek,Recreational,608871.0
2016,9,Conejos,Recreational,435435.0
2016,9,Costilla,Recreational,342066.0
2016,9,Denver,Recreational,29423313.0
2016,9,Eagle,Recreational,995070.0
2016,9,El Paso,Recreational,
2016,9,Garfield,Recreational,1754542.0
2016,9,Gilpin,Recreational,300505.0
2016,9,Grand,Recreational,
2016,9,Gunnison,Recreational,627401.0
2016,9,Huerfano,Recreational,
2016,9,Jefferson,Recreational,4537417.0
2016,9,Lake,Recreational,251980.0
2016,9,La Plata,Recreational,2226213.0
2016,9,Larimer,Recreational,4343498.0
2016,9,Las Animas,Recreational,2485885.0
2016,9,Mesa,Recreational,
2016,9,Montezuma,Recreational,1439910.0
2016,9,Morgan,Recreational,652609.0
2016,9,Ouray,Recreational,515896.0
2016,9,Park,Recreational,359173.0
2016,9,Pitkin,Recreational,852785.0
2016,9,Pueblo,Recreational,3140055.0
2016,9,Routt,Recreational,835572.0
2016,9,Saguache,Recreational,
2016,9,San Juan,Recreational,
2016,9,San Miguel,Recreational,437620.0
2016,9,Sedgwick,Recreational,
2016,9,Summit,Recreational,1412253.0
2016,9,Weld,Recreational,2567248.0
2016,10,Adams,Recreational,4578245.0
2016,10,Arapahoe,Recreational,8954428.0
2016,10,Archuleta,Recreational,
2016,10,Boulder,Recreational,5993882.0
2016,10,Chaffee,Recreational,352254.0
2016,10,Clear Creek,Recreational,486814.0
2016,10,Conejos,Recreational,380038.0
2016,10,Costilla,Recreational,265876.0
2016,10,Denver,Recreational,28578229.0
2016,10,Eagle,Recreational,852099.0
2016,10,El Paso,Recreational,
2016,10,Garfield,Recreational,1608072.0
2016,10,Gilpin,Recreational,253131.0
2016,10,Grand,Recreational,258512.0
2016,10,Gunnison,Recreational,481440.0
2016,10,Huerfano,Recreational,
2016,10,Jefferson,Recreational,4226976.0
2016,10,Lake,Recreational,198027.0
2016,10,La Plata,Recreational,1954316.0
2016,10,Larimer,Recreational,4204839.0
2016,10,Las Animas,Recreational,2343718.0
2016,10,Mesa,Recreational,
2016,10,Montezuma,Recreational,1412949.0
2016,10,Morgan,Recreational,621119.0
2016,10,Ouray,Recreational,404670.0
2016,10,Park,Recreational,304140.0
2016,10,Pitkin,Recreational,527278.0
2016,10,Pueblo,Recreational,2730719.0
2016,10,Routt,Recreational,665803.0
2016,10,Saguache,Recreational,
2016,10,San Juan,Recreational,
2016,10,San Miguel,Recreational,242681.0
2016,10,Sedgwick,Recreational,
2016,10,Summit,Recreational,1235632.0
2016,10,Weld,Recreational,2535546.0
2016,11,Adams,Recreational,4396031.0
2016,11,Arapahoe,Recreational,8514717.0
2016,11,Archuleta,Recreational,
2016,11,Boulder,Recreational,5444937.0
2016,11,Chaffee,Recreational,308023.0
2016,11,Clear Creek,Recreational,431209.0
2016,11,Conejos,Recreational,320078.0
2016,11,Costilla,Recreational,228406.0
2016,11,Denver,Recreational,26146211.0
2016,11,Eagle,Recreational,886933.0
2016,11,El Paso,Recreational,
2016,11,Garfield,Recreational,1372095.0
2016,11,Gilpin,Recreational,187219.0
2016,11,Grand,Recreational,250357.0
2016,11,Gunnison,Recreational,390416.0
2016,11,Huerfano,Recreational,
2016,11,Jefferson,Recreational,3935409.0
2016,11,La Plata,Recreational,1718599.0
2016,11,Lake,Recreational,
2016,11,Larimer,Recreational,3964140.0
2016,11,Las Animas,Recreational,2305460.0
2016,11,Mesa,Recreational,
2016,11,Montezuma,Recreational,1212346.0
2016,11,Morgan,Recreational,558715.0
2016,11,Ouray,Recreational,298217.0
2016,11,Park,Recreational,277990.0
2016,11,Pitkin,Recreational,445008.0
2016,11,Pueblo,Recreational,2583047.0
2016,11,Routt,Recreational,593501.0
2016,11,Saguache,Recreational,
2016,11,San Juan,Recreational,
2016,11,San Miguel,Recreational,146596.0
2016,11,Sedgwick,Recreational,
2016,11,Summit,Recreational,1314039.0
2016,11,Weld,Recreational,2417762.0
2016,12,Adams,Recreational,4593466.0
2016,12,Arapahoe,Recreational,9260969.0
2016,12,Archuleta,Recreational,
2016,12,Boulder,Recreational,5821440.0
2016,12,Chaffee,Recreational,351614.0
2016,12,Clear Creek,Recreational,526729.0
2016,12,Conejos,Recreational,339375.0
2016,12,Costilla,Recreational,223780.0
2016,12,Denver,Recreational,27400081.0
2016,12,Eagle,Recreational,1398924.0
2016,12,El Paso,Recreational,
2016,12,Garfield,Recreational,1451481.0
2016,12,Gilpin,Recreational,204163.0
2016,12,Grand,Recreational,390044.0
2016,12,Gunnison,Recreational,530400.0
2016,12,Huerfano,Recreational,
2016,12,Jefferson,Recreational,4354956.0
2016,12,Lake,Recreational,182830.0
2016,12,La Plata,Recreational,2011310.0
2016,12,Larimer,Recreational,4145435.0
2016,12,Las Animas,Recreational,2389493.0
2016,12,Mesa,Recreational,
2016,12,Montezuma,Recreational,1211288.0
2016,12,Morgan,Recreational,579314.0
2016,12,Ouray,Recreational,334503.0
2016,12,Park,Recreational,301869.0
2016,12,Pitkin,Recreational,1065431.0
2016,12,Pueblo,Recreational,2566125.0
2016,12,Routt,Recreational,789398.0
2016,12,Saguache,Recreational,
2016,12,San Juan,Recreational,
2016,12,San Miguel,Recreational,316572.0
2016,12,Sedgwick,Recreational,
2016,12,Summit,Recreational,2203456.0
2016,12,Weld,Recreational,2486668.0
