Year,Month,County,Type,Sales
2018,1,Adams,Recreational,6081061.0
2018,1,Arapahoe,Recreational,9032907.0
2018,1,Archuleta,Recreational,624455.0
2018,1,Boulder,Recreational,6212027.0
2018,1,Chaffee,Recreational,340366.0
2018,1,Clear Creek,Recreational,596376.0
2018,1,Conejos,Recreational,390971.0
2018,1,Costilla,Recreational,246490.0
2018,1,Denver,Recreational,28855834.0
2018,1,Eagle,Recreational,1599616.0
2018,1,El Paso,Recreational,
2018,1,Garfield,Recreational,1391402.0
2018,1,Gilpin,Recreational,167184.0
2018,1,Grand,Recreational,462433.0
2018,1,Gunnison,Recreational,600542.0
2018,1,Huerfano,Recreational,
2018,1,Jefferson,Recreational,3912816.0
2018,1,Lake,Recreational,223602.0
2018,1,La Plata,Recreational,1675203.0
2018,1,Larimer,Recreational,4982764.0
2018,1,Las Animas,Recreational,3370017.0
2018,1,Mesa,Recreational,1069286.0
2018,1,Montezuma,Recreational,1514572.0
2018,1,Morgan,Recreational,748636.0
2018,1,Ouray,Recreational,409591.0
2018,1,Park,Recreational,334849.0
2018,1,Pitkin,Recreational,1361900.0
2018,1,Pueblo,Recreational,3448129.0
2018,1,Routt,Recreational,1140165.0
2018,1,Saguache,Recreational,99344.0
2018,1,San Juan,Recreational,
2018,1,San Miguel,Recreational,484986.0
2018,1,Sedgwick,Recreational,
2018,1,Summit,Recreational,2841769.0
2018,1,Weld,Recreational,2300531.0
2018,2,Adams,Recreational,5562602.0
2018,2,Arapahoe,Recreational,8659080.0
2018,2,Archuleta,Recreational,568046.0
2018,2,Boulder,Recreational,5937258.0
2018,2,Chaffee,Recreational,364706.0
2018,2,Clear Creek,Recreational,578860.0
2018,2,Conejos,Recreational,383902.0
2018,2,Costilla,Recreational,254480.0
2018,2,Denver,Recreational,27629202.0
2018,2,Eagle,Recreational,1633799.0
2018,2,El Paso,Recreational,
2018,2,Garfield,Recreational,1361931.0
2018,2,Gilpin,Recreational,162046.0
2018,2,Grand,Recreational,455352.0
2018,2,Gunnison,Recreational,518883.0
2018,2,Huerfano,Recreational,
2018,2,Jefferson,Recreational,3648040.0
2018,2,Lake,Recreational,197617.0
2018,2,La Plata,Recreational,1752698.0
2018,2,Larimer,Recreational,4825740.0
2018,2,Las Animas,Recreational,3477803.0
2018,2,Mesa,Recreational,1179371.0
2018,2,Montezuma,Recreational,1646139.0
2018,2,Morgan,Recreational,821939.0
2018,2,Ouray,Recreational,436779.0
2018,2,Park,Recreational,303972.0
2018,2,Pitkin,Recreational,1215285.0
2018,2,Pueblo,Recreational,3697366.0
2018,2,Routt,Recreational,1072374.0
2018,2,Saguache,Recreational,98025.0
2018,2,San Juan,Recreational,
2018,2,San Miguel,Recreational,428164.0
2018,2,Sedgwick,Recreational,
2018,2,Summit,Recreational,2548153.0
2018,2,Weld,Recreational,2298788.0
2018,3,Adams,Recreational,6602994.0
2018,3,Arapahoe,Recreational,9956392.0
2018,3,Archuleta,Recreational,785123.0
2018,3,Boulder,Recreational,7245363.0
2018,3,Chaffee,Recreational,469806.0
2018,3,Clear Creek,Recreational,709544.0
2018,3,Conejos,Recreational,482119.0
2018,3,Costilla,Recreational,335071.0
2018,3,Denver,Recreational,34757371.0
2018,3,Eagle,Recreational,1888834.0
2018,3,El Paso,Recreational,
2018,3,Garfield,Recreational,1625638.0
2018,3,Gilpin,Recreational,223369.0
2018,3,Grand,Recreational,
2018,3,Gunnison,Recreational,
2018,3,Huerfano,Recreational,
2018,3,Jefferson,Recreational,4318064.0
2018,3,Lake,Recreational,240748.0
2018,3,La Plata,Recreational,2154494.0
2018,3,Larimer,Recreational,5839729.0
2018,3,Las Animas,Recreational,4619588.0
2018,3,Mesa,Recreational,1535841.0
2018,3,Moffat,Recreational,
2018,3,Montezuma,Recreational,2033604.0
2018,3,Morgan,Recreational,1062942.0
2018,3,Ouray,Recreational,
2018,3,Park,Recreational,386538.0
2018,3,Pitkin,Recreational,1517035.0
2018,3,Pueblo,Recreational,4770132.0
2018,3,Routt,Recreational,1153952.0
2018,3,Saguache,Recreational,137847.0
2018,3,San Juan,Recreational,
2018,3,San Miguel,Recreational,503751.0
2018,3,Sedgwick,Recreational,
2018,3,Summit,Recreational,3061330.0
2018,3,Weld,Recreational,2681871.0
2018,4,Adams,Recreational,6868698.0
2018,4,Arapahoe,Recreational,9954701.0
2018,4,Archuleta,Recreational,502525.0
2018,4,Boulder,Recreational,6957538.0
2018,4,Chaffee,Recreational,393528.0
2018,4,Clear Creek,Recreational,490554.0
2018,4,Conejos,Recreational,435677.0
2018,4,Costilla,Recreational,292932.0
2018,4,Denver,Recreational,33791852.0
2018,4,Eagle,Recreational,1144193.0
2018,4,El Paso,Recreational,
2018,4,Garfield,Recreational,1503426.0
2018,4,Gilpin,Recreational,212366.0
2018,4,Grand,Recreational,343222.0
2018,4,Gunnison,Recreational,437758.0
2018,4,Huerfano,Recreational,
2018,4,Jefferson,Recreational,4142771.0
2018,4,Lake,Recreational,197779.0
2018,4,La Plata,Recreational,1863227.0
2018,4,Larimer,Recreational,5632150.0
2018,4,Las Animas,Recreational,3934794.0
2018,4,Mesa,Recreational,1482947.0
2018,4,Moffat,Recreational,
2018,4,Montezuma,Recreational,1905829.0
2018,4,Morgan,Recreational,
2018,4,Ouray,Recreational,
2018,4,Park,Recreational,325805.0
2018,4,Pitkin,Recreational,699425.0
2018,4,Pueblo,Recreational,4436171.0
2018,4,Routt,Recreational,790286.0
2018,4,Saguache,Recreational,137104.0
2018,4,San Juan,Recreational,
2018,4,San Miguel,Recreational,219836.0
2018,4,Sedgwick,Recreational,
2018,4,Summit,Recreational,1543168.0
2018,4,Weld,Recreational,2421030.0
2018,5,Adams,Recreational,6884789.0
2018,5,Arapahoe,Recreational,9846235.0
2018,5,Archuleta,Recreational,633849.0
2018,5,Boulder,Recreational,7305495.0
2018,5,Chaffee,Recreational,457767.0
2018,5,Clear Creek,Recreational,518925.0
2018,5,Conejos,Recreational,495930.0
2018,5,Costilla,Recreational,322017.0
2018,5,Denver,Recreational,31592911.0
2018,5,Eagle,Recreational,968533.0
2018,5,El Paso,Recreational,
2018,5,Garfield,Recreational,1577479.0
2018,5,Gilpin,Recreational,219588.0
2018,5,Grand,Recreational,309809.0
2018,5,Gunnison,Recreational,487921.0
2018,5,Huerfano,Recreational,
2018,5,Jefferson,Recreational,4153426.0
2018,5,Lake,Recreational,
2018,5,La Plata,Recreational,2086680.0
2018,5,Larimer,Recreational,5891148.0
2018,5,Las Animas,Recreational,4082306.0
2018,5,Mesa,Recreational,1605904.0
2018,5,Moffat,Recreational,
2018,5,Montezuma,Recreational,1967881.0
2018,5,Morgan,Recreational,1000228.0
2018,5,Ouray,Recreational,592357.0
2018,5,Park,Recreational,357535.0
2018,5,Pitkin,Recreational,561866.0
2018,5,Pueblo,Recreational,4619173.0
2018,5,Routt,Recreational,717802.0
2018,5,Saguache,Recreational,151704.0
2018,5,San Juan,Recreational,
2018,5,San Miguel,Recreational,235398.0
2018,5,Sedgwick,Recreational,
2018,5,Summit,Recreational,1225108.0
2018,5,Weld,Recreational,2396424.0
2018,6,Adams,Recreational,7071943.0
2018,6,Arapahoe,Recreational,10003372.0
2018,6,Archuleta,Recreational,834469.0
2018,6,Boulder,Recreational,7752657.0
2018,6,Chaffee,Recreational,578419.0
2018,6,Clear Creek,Recreational,633162.0
2018,6,Conejos,Recreational,558542.0
2018,6,Costilla,Recreational,408573.0
2018,6,Denver,Recreational,32336676.0
2018,6,Eagle,Recreational,1273668.0
2018,6,El Paso,Recreational,
2018,6,Garfield,Recreational,1711546.0
2018,6,Gilpin,Recreational,240622.0
2018,6,Grand,Recreational,471237.0
2018,6,Gunnison,Recreational,697112.0
2018,6,Huerfano,Recreational,
2018,6,Jefferson,Recreational,4376615.0
2018,6,Lake,Recreational,
2018,6,La Plata,Recreational,2045737.0
2018,6,Larimer,Recreational,6087233.0
2018,6,Las Animas,Recreational,4436437.0
2018,6,Mesa,Recreational,1654095.0
2018,6,Moffat,Recreational,
2018,6,Montezuma,Recreational,2023138.0
2018,6,Morgan,Recreational,1067039.0
2018,6,Ouray,Recreational,666243.0
2018,6,Park,Recreational,409810.0
2018,6,Pitkin,Recreational,919527.0
2018,6,Pueblo,Recreational,4836544.0
2018,6,Routt,Recreational,899556.0
2018,6,Saguache,Recreational,173495.0
2018,6,San Juan,Recreational,
2018,6,San Miguel,Recreational,453787.0
2018,6,Sedgwick,Recreational,
2018,6,Summit,Recreational,1668835.0
2018,6,Weld,Recreational,2379519.0
2018,7,Adams,Recreational,7412565.0
2018,7,Arapahoe,Recreational,10500847.0
2018,7,Archuleta,Recreational,1015573.0
2018,7,Boulder,Recreational,8764549.0
2018,7,Chaffee,Recreational,699379.0
2018,7,Clear Creek,Recreational,730165.0
2018,7,Conejos,Recreational,621884.0
2018,7,Costilla,Recreational,450314.0
2018,7,Denver,Recreational,34154291.0
2018,7,Eagle,Recreational,1582803.0
2018,7,El Paso,Recreational,
2018,7,Garfield,Recreational,1917005.0
2018,7,Gilpin,Recreational,266111.0
2018,7,Grand,Recreational,629538.0
2018,7,Gunnison,Recreational,954926.0
2018,7,Huerfano,Recreational,
2018,7,Jefferson,Recreational,4575835.0
2018,7,Lake,Recreational,318683.0
2018,7,La Plata,Recreational,2366479.0
2018,7,Larimer,Recreational,6570637.0
2018,7,Las Animas,Recreational,4704196.0
2018,7,Mesa,Recreational,1674477.0
2018,7,Moffat,Recreational,
2018,7,Montezuma,Recreational,2031292.0
2018,7,Morgan,Recreational,1115451.0
2018,7,Ouray,Recreational,751062.0
2018,7,Park,Recreational,487238.0
2018,7,Pitkin,Recreational,1357126.0
2018,7,Pueblo,Recreational,5249580.0
2018,7,Routt,Recreational,1082308.0
2018,7,Saguache,Recreational,191002.0
2018,7,San Juan,Recreational,
2018,7,San Miguel,Recreational,544147.0
2018,7,Sedgwick,Recreational,
2018,7,Summit,Recreational,2193931.0
2018,7,Weld,Recreational,2480209.0
2018,8,Adams,Recreational,7613627.0
2018,8,Arapahoe,Recreational,10661253.0
2018,8,Archuleta,Recreational,906585.0
2018,8,Boulder,Recreational,8774472.0
2018,8,Chaffee,Recreational,650455.0
2018,8,Clear Creek,Recreational,688187.0
2018,8,Conejos,Recreational,651028.0
2018,8,Costilla,Recreational,473881.0
2018,8,Denver,Recreational,35343772.0
2018,8,Eagle,Recreational,1600012.0
2018,8,El Paso,Recreational,
2018,8,Garfield,Recreational,1914968.0
2018,8,Gilpin,Recreational,256201.0
2018,8,Grand,Recreational,555069.0
2018,8,Gunnison,Recreational,897237.0
2018,8,Huerfano,Recreational,
2018,8,Jefferson,Recreational,4650674.0
2018,8,Lake,Recreational,330557.0
2018,8,La Plata,Recreational,2370568.0
2018,8,Larimer,Recreational,6820019.0
2018,8,Las Animas,Recreational,4699321.0
2018,8,Mesa,Recreational,1737216.0
2018,8,Moffat,Recreational,
2018,8,Montezuma,Recreational,2031697.0
2018,8,Morgan,Recreational,1147988.0
2018,8,Otero,Recreational,
2018,8,Ouray,Recreational,757172.0
2018,8,Park,Recreational,460047.0
2018,8,Pitkin,Recreational,1362818.0
2018,8,Pueblo,Recreational,5468826.0
2018,8,Routt,Recreational,1028248.0
2018,8,Saguache,Recreational,198805.0
2018,8,San Juan,Recreational,
2018,8,San Miguel,Recreational,496399.0
2018,8,Sedgwick,Recreational,
2018,8,Summit,Recreational,2018092.0
2018,8,Weld,Recreational,2539739.0
2018,9,Adams,Recreational,7362649.0
2018,9,Arapahoe,Recreational,10127781.0
2018,9,Archuleta,Recreational,840533.0
2018,9,Boulder,Recreational,8099831.0
2018,9,Chaffee,Recreational,580551.0
2018,9,Clear Creek,Recreational,620626.0
2018,9,Conejos,Recreational,607872.0
2018,9,Costilla,Recreational,441921.0
2018,9,Denver,Recreational,34127926.0
2018,9,Eagle,Recreational,1282007.0
2018,9,El Paso,Recreational,
2018,9,Garfield,Recreational,1905410.0
2018,9,Gilpin,Recreational,241174.0
2018,9,Grand,Recreational,479851.0
2018,9,Gunnison,Recreational,760759.0
2018,9,Huerfano,Recreational,
2018,9,Jefferson,Recreational,4299667.0
2018,9,Lake,Recreational,272478.0
2018,9,La Plata,Recreational,2338202.0
2018,9,Larimer,Recreational,6631199.0
2018,9,Las Animas,Recreational,4765052.0
2018,9,Mesa,Recreational,1754898.0
2018,9,Moffat,Recreational,518034.0
2018,9,Montezuma,Recreational,1978519.0
2018,9,Morgan,Recreational,
2018,9,Otero,Recreational,
2018,9,Ouray,Recreational,767446.0
2018,9,Park,Recreational,435826.0
2018,9,Pitkin,Recreational,1030932.0
2018,9,Pueblo,Recreational,5377188.0
2018,9,Routt,Recreational,968797.0
2018,9,Saguache,Recreational,207584.0
2018,9,San Juan,Recreational,
2018,9,San Miguel,Recreational,509927.0
2018,9,Sedgwick,Recreational,
2018,9,Summit,Recreational,1613075.0
2018,9,Weld,Recreational,2372200.0
2018,10,Adams,Recreational,7365401.0
2018,10,Arapahoe,Recreational,10245761.0
2018,10,Archuleta,Recreational,722415.0
2018,10,Boulder,Recreational,7850413.0
2018,10,Chaffee,Recreational,445329.0
2018,10,Clear Creek,Recreational,516655.0
2018,10,Conejos,Recreational,514891.0
2018,10,Costilla,Recreational,349525.0
2018,10,Crowley,Recreational,
2018,10,Denver,Recreational,32338630.0
2018,10,Eagle,Recreational,1069220.0
2018,10,El Paso,Recreational,
2018,10,Garfield,Recreational,1690316.0
2018,10,Gilpin,Recreational,194984.0
2018,10,Grand,Recreational,392970.0
2018,10,Gunnison,Recreational,567511.0
2018,10,Huerfano,Recreational,
2018,10,Jefferson,Recreational,4153968.0
2018,10,Lake,Recreational,218867.0
2018,10,La Plata,Recreational,2153231.0
2018,10,Larimer,Recreational,6622929.0
2018,10,Las Animas,Recreational,4273377.0
2018,10,Mesa,Recreational,1647110.0
2018,10,Moffat,Recreational,510016.0
2018,10,Montezuma,Recreational,1896742.0
2018,10,Morgan,Recreational,
2018,10,Otero,Recreational,
2018,10,Ouray,Recreational,612355.0
2018,10,Park,Recreational,368779.0
2018,10,Pitkin,Recreational,694980.0
2018,10,Pueblo,Recreational,5001654.0
2018,10,Routt,Recreational,851265.0
2018,10,Saguache,Recreational,175549.0
2018,10,San Juan,Recreational,
2018,10,San Miguel,Recreational,284125.0
2018,10,Sedgwick,Recreational,
2018,10,Summit,Recreational,1336205.0
2018,10,Weld,Recreational,2362252.0
2018,11,Adams,Recreational,7404234.0
2018,11,Arapahoe,Recreational,10251205.0
2018,11,Archuleta,Recreational,629695.0
2018,11,Boulder,Recreational,7404306.0
2018,11,Chaffee,Recreational,379794.0
2018,11,Clear Creek,Recreational,478979.0
2018,11,Conejos,Recreational,448685.0
2018,11,Costilla,Recreational,293351.0
2018,11,Denver,Recreational,31470367.0
2018,11,Eagle,Recreational,1073888.0
2018,11,El Paso,Recreational,
2018,11,Garfield,Recreational,1540424.0
2018,11,Gilpin,Recreational,171444.0
2018,11,Grand,Recreational,385453.0
2018,11,Gunnison,Recreational,459020.0
2018,11,Huerfano,Recreational,
2018,11,Jefferson,Recreational,4135774.0
2018,11,Lake,Recreational,193034.0
2018,11,La Plata,Recreational,1916314.0
2018,11,Larimer,Recreational,6471039.0
2018,11,Las Animas,Recreational,4067789.0
2018,11,Mesa,Recreational,1553111.0
2018,11,Moffat,Recreational,500264.0
2018,11,Montezuma,Recreational,1751540.0
2018,11,Morgan,Recreational,
2018,11,Otero,Recreational,
2018,11,Ouray,Recreational,549988.0
2018,11,Park,Recreational,324363.0
2018,11,Pitkin,Recreational,599002.0
2018,11,Pueblo,Recreational,4868317.0
2018,11,Routt,Recreational,758528.0
2018,11,Saguache,Recreational,139665.0
2018,11,San Juan,Recreational,
2018,11,San Miguel,Recreational,200869.0
2018,11,Sedgwick,Recreational,
2018,11,Summit,Recreational,1504585.0
2018,11,Weld,Recreational,2346003.0
2018,12,Adams,Recreational,7333549.0
2018,12,Arapahoe,Recreational,10731040.0
2018,12,Archuleta,Recreational,785073.0
2018,12,Boulder,Recreational,7757965.0
2018,12,Chaffee,Recreational,
2018,12,Clear Creek,Recreational,614305.0
2018,12,Conejos,Recreational,442161.0
2018,12,Costilla,Recreational,304403.0
2018,12,Denver,Recreational,32997057.0
2018,12,Eagle,Recreational,1755283.0
2018,12,El Paso,Recreational,
2018,12,Garfield,Recreational,1589975.0
2018,12,Gilpin,Recreational,171994.0
2018,12,Grand,Recreational,594083.0
2018,12,Gunnison,Recreational,629546.0
2018,12,Huerfano,Recreational,
2018,12,Jefferson,Recreational,4456550.0
2018,12,Lake,Recreational,228276.0
2018,12,La Plata,Recreational,2161229.0
2018,12,Larimer,Recreational,6853279.0
2018,12,Las Animas,Recreational,3919079.0
2018,12,Mesa,Recreational,1562193.0
2018,12,Moffat,Recreational,557631.0
2018,12,Montezuma,Recreational,1670767.0
2018,12,Morgan,Recreational,
2018,12,Otero,Recreational,
2018,12,Ouray,Recreational,
2018,12,Park,Recreational,375986.0
2018,12,Pitkin,Recreational,1254451.0
2018,12,Pueblo,Recreational,5240434.0
2018,12,Routt,Recreational,1139807.0
2018,12,Saguache,Recreational,141551.0
2018,12,San Juan,Recreational,
2018,12,San Miguel,Recreational,437260.0
2018,12,Sedgwick,Recreational,
2018,12,Summit,Recreational,2585000.0
2018,12,Weld,Recreational,2461592.0
